,average_monthly_reads,Time Complexity Class,Time Complexity Bin,reads_bin
0,0.0,3.0,3,0
1,0.0,2.6,2,0
2,0.0,3.0,3,0
3,0.0,4.6,4,0
4,8855.80412371134,4.0,4,3
5,7193.041237113402,3.0,3,3
6,0.0,3.0,3,0
7,3744.628865979381,3.0,3,3
8,32317.474226804123,3.0,3,4
9,0.0,3.0,3,0
10,11461.01030927835,3.0,3,4
11,0.0,4.5,4,0
12,0.0,4.0,4,0
13,0.0,4.0,4,0
14,0.0,4.0,4,0
15,0.0,6.0,6,0
16,0.0,1.0,1,0
17,0.0,3.0,3,0
18,39.855670103092784,3.0,3,1
19,39.855670103092784,3.0,3,1
20,860.3814432989691,5.01,5,2
21,860.3814432989691,3.0,3,2
22,0.0,3.0,3,0
23,8665.453608247422,3.0,3,3
24,8665.453608247422,3.0,3,3
25,0.0,5.0,5,0
26,25276.443298969072,5.0,5,4
27,45945.010309278354,4.0,4,4
28,42625.278350515466,5.0,5,4
29,3044.907216494845,4.0,4,3
30,23630.907216494845,4.0,4,4
31,9069.40206185567,3.0,3,3
32,8962.329896907217,5.0,5,3
33,19067.9587628866,3.0,3,4
34,916.0,4.0,4,2
35,62560.50515463918,5.0,5,5
36,4052.020618556701,8.0,8,3
37,4052.020618556701,6.0,6,3
38,1540.9381443298969,5.0,5,3
39,8510.536082474227,7.0,7,3
40,1797.9896907216496,7.0,7,3
41,4002.958762886598,7.0,7,3
42,2304.5257731958764,6.0,6,3
43,0.0,6.02,6,0
44,6845.876288659794,4.5,4,3
45,8194.577319587628,4.4035,4,3
46,1242.9484536082475,4.3975,4,3
47,1242.9484536082475,4.258325,4,3
48,1242.9484536082475,4.247774,4,3
49,8194.577319587628,4.23925,4,3
50,1242.9484536082475,4.18775,4,3
51,6845.876288659794,4.1864365,4,3
52,1242.9484536082475,4.18643195,4,3
53,13713.886597938144,8.0,8,4
54,0.0,8.0,8,0
55,28246.77319587629,4.5,4,4
56,20990.48453608248,4.5,4,4
57,0.0,4.5,4,0
58,1220.1237113402062,3.0,3,3
59,593.2886597938144,3.0,3,2
60,7605.845360824742,3.0,3,3
61,869.7628865979382,8.0,8,2
62,1330.5773195876288,7.0,7,3
63,0.0,5.0,5,0
64,1610.8969072164948,4.0,4,3
65,0.0,6.0,6,0
66,2274.072164948453,3.0,3,3
67,0.0,5.01,5,0
68,0.0,5.01,5,0
69,22169.01030927835,5.0,5,4
70,0.0,5.0,5,0
71,18572.23711340206,4.5,4,4
72,18572.23711340206,4.5,4,4
73,18572.23711340206,6.0,6,4
74,62913.67010309279,8.0,8,5
75,1669.340206185567,8.0,8,3
76,62913.67010309279,8.0,8,5
77,62913.67010309279,8.0,8,5
78,2572.2061855670104,8.0,8,3
79,1056.0721649484535,8.0,8,3
80,484.046875,8.0,8,2
81,790.659793814433,8.0,8,2
82,444.6185567010309,8.0,8,2
83,330.8875,8.0,8,2
84,0.0,8.0,8,0
85,6916.064516129032,5.0,5,3
86,11982.659793814431,3.0,3,4
87,4814.5161290322585,5.0,5,3
88,5736.061855670103,5.0,5,3
89,6119.030927835051,5.0,5,3
90,5500.762886597938,6.0,6,3
91,0.0,4.99,4,0
92,1332.1958762886595,5.0,5,3
93,3718.1546391752577,5.0,5,3
94,12357.701030927836,5.0,5,4
95,5500.762886597938,5.0,5,3
96,5500.762886597938,5.0,5,3
97,6119.030927835051,5.0,5,3
98,3605.0515463917527,3.0,3,3
99,1019.2474226804125,3.0,3,3
100,838.7835051546392,3.0,3,2
101,255.0675675675676,3.0,3,2
102,1719.2371134020618,3.0,3,3
103,1636.4639175257732,8.0,8,3
104,8786.886597938144,4.58,4,3
105,1693.4536082474226,4.46,4,3
106,9020.917525773197,5.0,5,3
107,5473.577319587629,5.0,5,3
108,544.974358974359,5.0,5,2
109,5473.577319587629,3.0,3,3
110,5473.577319587629,3.0,3,3
111,5473.577319587629,3.0,3,3
112,5473.577319587629,3.0,3,3
113,9321.78350515464,3.0,3,3
114,0.875,4.0,4,1
115,8517.257731958764,4.0,4,3
116,11461.01030927835,8.0,8,4
117,36779.24742268041,3.0,3,4
118,11461.01030927835,3.0,3,4
119,11461.01030927835,4.0,4,4
120,0.0,4.0,4,0
121,12457.59793814433,6.0,6,4
122,12457.59793814433,5.0,5,4
123,12457.59793814433,5.0,5,4
124,12457.59793814433,4.0,4,4
125,12457.59793814433,3.0,3,4
126,0.0,2.0,2,0
127,0.0,5.5,5,0
128,0.0,3.0,3,0
129,0.0,3.0,3,0
130,86.84536082474227,5.5,5,1
131,86.84536082474227,5.5,5,1
132,0.0,8.0,8,0
133,0.0,5.0,5,0
134,0.0,8.0,8,0
135,4004.0,5.0,5,3
136,4052.020618556701,2.0,2,3
137,4052.020618556701,1.99,1,3
138,0.0,3.0,3,0
139,4052.020618556701,3.0,3,3
140,0.0,4.38995,4,0
141,3278.948453608248,4.2609,4,3
142,0.0,7.0,7,0
143,302.27450980392155,5.0,5,2
144,2304.5257731958764,5.5,5,3
145,47464.0206185567,8.0,8,4
146,47464.0206185567,8.0,8,4
147,0.0,5.01,5,0
148,4344.938144329897,5.0,5,3
149,4344.938144329897,6.0,6,3
150,4344.938144329897,6.0,6,3
151,6902.350515463918,5.0,5,3
152,6902.350515463918,4.0,4,3
153,0.0,3.0,3,0
154,0.0,5.0,5,0
155,860.3814432989691,6.0,6,2
156,860.3814432989691,3.0,3,2
157,860.3814432989691,6.0,6,2
158,860.3814432989691,6.0,6,2
159,15218.62886597938,6.0,6,4
160,0.0,6.0,6,0
161,0.0,6.0,6,0
162,8201.525773195875,5.0,5,3
163,0.0,4.0,4,0
164,13713.886597938144,8.0,8,4
165,4292.20618556701,3.0,3,3
166,18572.23711340206,4.188,4,4
167,1182.5773195876288,5.0,5,3
168,2298.422680412371,4.0,4,3
169,62560.50515463918,5.0,5,5
170,11733.226804123711,4.0,4,4
171,781.1237113402062,4.0,4,2
172,8659.01030927835,5.0,5,3
173,8659.01030927835,4.5,4,3
174,8659.01030927835,4.01,4,3
175,8659.01030927835,4.33,4,3
176,3399.1546391752577,2.0,2,3
177,1547.40206185567,4.0,4,3
178,0.0,5.0,5,0
179,1171.2577319587629,5.0,5,3
180,1965.8144329896909,3.0,3,3
181,524.6907216494845,4.0,4,2
182,266.16494845360825,4.0,4,2
183,0.0,3.0,3,0
184,4052.020618556701,4.0,4,3
185,347.3333333333333,3.0,3,2
186,0.0,3.0,3,0
187,17336.896907216495,7.0,7,4
188,1797.9896907216496,6.0,6,3
189,19338.72164948453,6.0,6,4
190,6797.164948453608,6.01,6,3
191,8716.731958762886,6.0,6,3
192,722.7525773195877,6.0,6,2
193,0.0,6.01,6,0
194,0.0,5.99,5,0
195,0.0,6.0,6,0
196,8716.731958762886,6.0,6,3
197,0.0,6.0,6,0
198,8716.731958762886,6.0,6,3
199,8716.731958762886,5.66,5,3
200,8716.731958762886,6.0,6,3
201,2187.226804123711,8.0,8,3
202,0.0,8.0,8,0
203,0.0,8.0,8,0
204,13713.886597938144,8.0,8,4
205,13713.886597938144,8.0,8,4
206,13713.886597938144,8.0,8,4
207,12364.546391752578,3.0,3,4
208,5578.81443298969,2.0,2,3
209,1741.5876288659797,6.5,6,3
210,17259.845360824744,8.0,8,4
211,469.08247422680415,8.0,8,2
212,268.56666666666666,6.5,6,2
213,38723.13402061856,6.0,6,4
214,38723.13402061856,5.5,5,4
215,1610.8969072164948,4.0,4,3
216,47924.74226804124,4.0,4,4
217,0.0,4.0,4,0
218,0.0,4.0,4,0
219,0.0,4.0,4,0
220,0.0,4.0,4,0
221,0.0,2.0,2,0
222,3352.505154639175,4.0,4,3
223,5597.020618556701,5.0,5,3
224,5597.020618556701,4.0,4,3
225,5597.020618556701,4.0,4,3
226,445.30927835051546,4.0,4,2
227,1018.5154639175256,4.0,4,3
228,4467.639175257732,5.0,5,3
229,5623.628865979382,5.0,5,3
230,532.7113402061856,5.0,5,2
231,7893.257731958763,5.01,5,3
232,0.0,5.0,5,0
233,532.7113402061856,5.0,5,2
234,4722.948453608247,6.0,6,3
235,0.0,5.0,5,0
236,0.0,5.0,5,0
237,0.0,5.0,5,0
238,532.7113402061856,5.0,5,2
239,0.0,6.0,6,0
240,1197.3505154639174,6.0,6,3
241,0.0,6.0,6,0
242,2557.814432989691,5.01,5,3
243,19328.94845360825,5.0,5,4
244,19328.94845360825,5.0,5,4
245,19895.81443298969,5.01,5,4
246,546.7938144329897,5.001,5,2
247,19328.94845360825,5.001,5,4
248,19895.81443298969,5.01,5,4
249,22169.01030927835,5.0,5,4
250,858.2061855670103,5.02,5,2
251,4292.20618556701,4.0,4,3
252,1196.6082474226805,4.0,4,3
253,7575.340206185567,5.0,5,3
254,1610.8969072164948,4.0,4,3
255,1610.8969072164948,4.0,4,3
256,0.0,4.0,4,0
257,243.0606060606061,4.0,4,2
258,0.0,3.0,3,0
259,18582.01030927835,7.0,7,4
260,18582.01030927835,6.0,6,4
261,18582.01030927835,5.01,5,4
262,19338.72164948453,5.0,5,4
263,19338.72164948453,5.01,5,4
264,19338.72164948453,5.0,5,4
265,19338.72164948453,5.0,5,4
266,19338.72164948453,5.0,5,4
267,19338.72164948453,5.0,5,4
268,19338.72164948453,5.0,5,4
269,19338.72164948453,7.0,7,4
270,17875.123711340206,6.0,6,4
271,243.49295774647888,5.373,5,2
272,19338.72164948453,6.0,6,4
273,19338.72164948453,6.0,6,4
274,19338.72164948453,6.0,6,4
275,0.0,5.844,5,0
276,0.0,6.0,6,0
277,2270.2061855670104,8.0,8,3
278,1556.5876288659797,8.0,8,3
279,1216.3917525773195,8.0,8,3
280,232.65671641791045,8.0,8,2
281,1515.4084507042253,8.0,8,3
282,2410.773195876289,8.0,8,3
283,849.7628865979382,8.0,8,2
284,528.0618556701031,8.0,8,2
285,372.8144329896907,8.0,8,2
286,335.12371134020617,8.0,8,2
287,292.8382352941176,8.0,8,2
288,0.0,2.51,2,0
289,0.0,4.5,4,0
290,0.0,2.51,2,0
291,1418.1958762886595,4.5,4,3
292,5476.278350515464,8.0,8,3
293,566.1855670103092,8.0,8,2
294,945.40206185567,8.0,8,2
295,2702.309278350516,8.0,8,3
296,945.40206185567,8.0,8,2
297,580.5463917525773,8.0,8,2
298,1401.5360824742268,5.0,5,3
299,6119.030927835051,5.0,5,3
300,1719.2371134020618,3.0,3,3
301,0.0,3.0,3,0
302,3278.948453608248,4.001,4,3
303,9020.917525773197,7.0,7,3
304,9020.917525773197,7.0,7,3
305,9020.917525773197,4.0,4,3
306,9020.917525773197,7.0,7,3
307,0.0,7.0,7,0
308,9020.917525773197,7.0,7,3
309,9020.917525773197,7.0,7,3
310,2355.556701030928,3.0,3,3
311,814.4123711340206,3.0,3,2
312,10102.030927835052,3.0,3,4
313,422.4845360824742,2.5,2,2
314,209.8556701030928,2.0,2,2
315,390.3043478260869,3.0,3,2
316,276.5773195876289,4.0,4,2
317,489.45360824742266,3.0,3,2
318,26261.680412371134,3.0,3,4
319,6416.865979381443,5.0,5,3
320,4571.865979381443,3.0,3,3
321,2599.340206185567,3.0,3,3
322,5269.175257731959,3.0,3,3
323,2468.639175257732,4.0,4,3
324,12457.59793814433,3.0,3,4
325,12457.59793814433,3.0,3,4
326,0.0,2.0,2,0
327,488.4845360824742,7.0,7,2
328,11304.40206185567,8.0,8,4
329,11304.40206185567,8.0,8,4
330,47464.0206185567,7.0,7,4
331,47464.0206185567,8.0,8,4
332,47464.0206185567,5.0,5,4
333,881.7113402061856,5.0,5,2
334,3044.340206185567,5.0,5,3
335,896.974358974359,5.0,5,2
336,0.0,5.0,5,0
337,26261.680412371134,5.0,5,4
338,26261.680412371134,5.0,5,4
339,0.0,5.0,5,0
340,26261.680412371134,5.0,5,4
341,4344.938144329897,6.0,6,3
342,4344.938144329897,5.02,5,3
343,4344.938144329897,6.0,6,3
344,4344.938144329897,5.0,5,3
345,4344.938144329897,5.0,5,3
346,4344.938144329897,5.0,5,3
347,4344.938144329897,5.0,5,3
348,4344.938144329897,5.0,5,3
349,4344.938144329897,5.0,5,3
350,4344.938144329897,5.0,5,3
351,4344.938144329897,5.02,5,3
352,4344.938144329897,6.0,6,3
353,4344.938144329897,5.0,5,3
354,4344.938144329897,5.0,5,3
355,0.0,5.0,5,0
356,5088.288659793814,5.0,5,3
357,5088.288659793814,4.0,4,3
358,13287.175257731958,6.0,6,4
359,5088.288659793814,6.0,6,3
360,5088.288659793814,6.0,6,3
361,5088.288659793814,5.0,5,3
362,5088.288659793814,6.0,6,3
363,5088.288659793814,5.0,5,3
364,5088.288659793814,6.0,6,3
365,1899.3711340206185,5.03,5,3
366,5088.288659793814,6.0,6,3
367,0.0,5.001,5,0
368,0.0,6.0,6,0
369,0.0,6.0,6,0
370,1516.142857142857,5.0,5,3
371,0.0,5.0,5,0
372,1516.142857142857,5.0,5,3
373,1516.142857142857,5.0,5,3
374,860.3814432989691,6.0,6,2
375,0.0,6.0,6,0
376,8761.60824742268,5.0,5,3
377,8761.60824742268,3.0,3,3
378,4707.319587628866,5.0,5,3
379,0.0,5.0,5,0
380,2505.4123711340208,5.0,5,3
381,0.0,5.0,5,0
382,0.0,5.0,5,0
383,5693.628865979382,6.0,6,3
384,1458.7525773195875,6.0,6,3
385,4707.319587628866,5.0,5,3
386,2606.103092783505,4.68,4,3
387,8761.60824742268,5.01,5,3
388,4255.546391752578,5.0,5,3
389,13582.835051546392,5.0,5,4
390,13582.835051546392,4.0,4,4
391,13582.835051546392,4.0,4,4
392,13582.835051546392,5.0,5,4
393,13582.835051546392,5.0,5,4
394,13582.835051546392,4.0,4,4
395,13582.835051546392,5.0,5,4
396,13582.835051546392,5.0,5,4
397,13582.835051546392,5.0,5,4
398,160.18556701030928,5.0,5,2
399,3872.350515463917,5.0,5,3
400,3872.350515463917,5.0,5,3
401,13582.835051546392,5.0,5,4
402,13582.835051546392,5.0,5,4
403,13582.835051546392,5.0,5,4
404,13582.835051546392,5.0,5,4
405,3872.350515463917,4.0,4,3
406,13582.835051546392,5.0,5,4
407,4101.577319587629,3.0,3,3
408,15774.40206185567,3.0,3,4
409,0.0,7.0,7,0
410,1503.1030927835052,6.0,6,3
411,1503.1030927835052,6.0,6,3
412,1503.1030927835052,5.0,5,3
413,0.0,6.0,6,0
414,15218.62886597938,2.0,2,4
415,0.0,5.0,5,0
416,4004.0,4.0,4,3
417,1484.8144329896909,5.0,5,3
418,2284.0309278350514,3.0,3,3
419,4052.020618556701,5.0,5,3
420,0.0,2.03,2,0
421,4052.020618556701,2.02,2,3
422,0.0,5.01,5,0
423,0.0,5.0,5,0
424,0.0,5.0,5,0
425,0.0,5.0,5,0
426,0.0,5.0,5,0
427,1332.1958762886595,5.0,5,3
428,0.0,5.0,5,0
429,0.0,5.0,5,0
430,0.0,5.0,5,0
431,0.0,5.0,5,0
432,0.0,5.0,5,0
433,0.0,5.0,5,0
434,0.0,6.0,6,0
435,0.0,8.0,8,0
436,17731.164948453606,8.0,8,4
437,0.0,8.0,8,0
438,7645.051546391753,8.0,8,3
439,0.0,8.0,8,0
440,5597.020618556701,4.0,4,3
441,273.27450980392155,5.01,5,2
442,563.979381443299,8.0,8,2
443,3842.19587628866,8.0,8,3
444,20733.81443298969,3.0,3,4
445,478.7234042553192,3.0,3,2
446,0.0,5.0,5,0
447,0.0,5.0,5,0
448,0.0,3.0,3,0
449,6916.064516129032,3.0,3,3
450,405.35051546391753,5.0,5,2
451,4371.092783505154,3.0,3,3
452,1401.5360824742268,5.0,5,3
453,115.31460674157304,5.0,5,2
454,6916.064516129032,5.0,5,3
455,197.7835051546392,3.0,3,2
456,10251.061224489797,5.0,5,4
457,10251.061224489797,5.0,5,4
458,1121.1546391752577,5.0,5,3
459,1365.5670103092784,4.0,4,3
460,2665.7319587628867,3.0,3,3
461,8510.536082474227,6.0,6,3
462,2304.5257731958764,5.5,5,3
463,554.2886597938144,4.1864298,4,2
464,554.2886597938144,5.857,5,2
465,554.2886597938144,3.0,3,2
466,0.0,5.5,5,0
467,634.2886597938144,5.5,5,2
468,554.2886597938144,5.376,5,2
469,0.0,4.33,4,0
470,41709.948453608245,7.0,7,4
471,6937.633802816901,7.0,7,3
472,2231.9896907216494,3.0,3,3
473,5122.742268041237,3.0,3,3
474,17.5,2.0,2,1
475,0.0,2.0,2,0
476,2472.907216494845,4.0,4,3
477,0.0,4.375,4,0
478,0.0,3.0,3,0
479,0.0,2.501,2,0
480,0.0,4.25,4,0
481,0.0,2.5,2,0
482,0.0,4.0,4,0
483,0.0,4.0,4,0
484,0.0,2.51,2,0
485,1938.1443298969075,2.635,2,3
486,0.0,4.011,4,0
487,950.2886597938144,2.5,2,2
488,0.0,2.635,2,0
489,28246.77319587629,4.5,4,4
490,0.0,8.0,8,0
491,8665.453608247422,3.0,3,3
492,8665.453608247422,3.0,3,3
493,257.87628865979383,4.0,4,2
494,13282.494845360823,5.0,5,4
495,13282.494845360823,3.0,3,4
496,19067.9587628866,3.0,3,4
497,13282.494845360823,3.0,3,4
498,2525.40206185567,8.0,8,3
499,9184.030927835052,7.0,7,3
500,1330.5773195876288,5.01,5,3
501,2061.680412371134,5.0,5,3
502,9184.030927835052,5.0,5,3
503,750.6082474226804,8.0,8,2
504,261.9484536082474,8.0,8,2
505,261.9484536082474,8.0,8,2
506,0.0,3.0,3,0
507,220.75257731958763,2.51,2,2
508,1478.9690721649486,3.0,3,3
509,24.690721649484537,3.0,3,1
510,4544.546391752578,3.0,3,3
511,160.01724137931035,4.0,4,2
512,28545.628865979383,4.0,4,4
513,0.0,5.0,5,0
514,0.0,6.0,6,0
515,2221.257731958763,8.0,8,3
516,0.0,5.0,5,0
517,333.27659574468083,3.0,3,2
518,0.0,3.0,3,0
519,292.69072164948454,8.0,8,2
520,248.15463917525773,8.0,8,2
521,10420.721649484536,7.0,7,4
522,1234.5773195876288,7.0,7,3
523,2304.5257731958764,6.01,6,3
524,554.2886597938144,6.0,6,2
525,13766.896907216496,7.0,7,4
526,13766.896907216496,5.0,5,4
527,0.0,5.03,5,0
528,0.0,5.0,5,0
529,7888.927835051546,4.0,4,3
530,46755.886597938144,4.0,4,4
531,213.1958762886598,4.0,4,2
532,512.1443298969073,4.0,4,2
533,46755.886597938144,4.0,4,4
534,0.0,4.0,4,0
535,0.0,4.0,4,0
536,0.0,4.01,4,0
537,0.0,4.00585,4,0
538,0.0,4.001,4,0
539,3289.8762886597938,3.0,3,3
540,308.6701030927835,3.0,3,2
541,15774.40206185567,3.0,3,4
542,2081.494845360825,3.0,3,3
543,3289.8762886597938,3.0,3,3
544,431.0412371134021,5.0,5,2
545,2393.298969072165,5.0,5,3
546,800.6185567010309,5.0,5,2
547,825.3917525773196,5.0,5,2
548,1245.7835051546392,3.0,3,3
549,992.020618556701,3.0,3,2
550,374.7835051546392,3.0,3,2
551,0.0,3.0,3,0
552,4672.082474226804,3.0,3,3
553,3342.3298969072166,3.0,3,3
554,1752.0824742268042,3.0,3,3
555,16840.18556701031,2.51,2,4
556,868.8247422680413,3.0,3,2
557,80.73195876288659,3.0,3,1
558,4672.082474226804,2.5,2,3
559,15622.061855670105,3.0,3,4
560,2220.072164948453,3.0,3,3
561,52115.38144329897,3.0,3,5
562,1860.7525773195875,3.0,3,3
563,8579.432989690722,3.0,3,3
564,465.25773195876286,3.0,3,2
565,1443.2577319587629,3.0,3,3
566,232.2680412371134,8.0,8,2
567,103.14432989690722,8.0,8,2
568,652.5876288659794,8.0,8,2
569,19184.103092783505,6.0,6,4
570,10390.061855670105,6.0,6,4
571,19184.103092783505,6.0,6,4
572,19184.103092783505,5.01,5,4
573,19184.103092783505,7.0,7,4
574,19184.103092783505,6.0,6,4
575,0.0,3.0,3,0
576,836.360824742268,3.0,3,2
577,5904.4639175257735,3.0,3,3
578,5904.4639175257735,3.0,3,3
579,5904.4639175257735,3.0,3,3
580,0.0,3.0,3,0
581,1122.2577319587629,3.0,3,3
582,168.9278350515464,5.0,5,2
583,0.0,5.0,5,0
584,2994.59793814433,3.0,3,3
585,0.0,5.0,5,0
586,0.0,6.0,6,0
587,0.0,6.0,6,0
588,2468.639175257732,4.0,4,3
589,579.7628865979382,4.0,4,2
590,1188.618556701031,4.0,4,3
591,0.0,3.0,3,0
592,4754.412371134021,3.0,3,3
593,30544.77319587629,3.0,3,4
594,30544.77319587629,3.0,3,4
595,0.0,2.0,2,0
596,22507.60824742268,5.0,5,4
597,5623.628865979382,5.0,5,3
598,22507.60824742268,2.0,2,4
599,3009.19587628866,4.0,4,3
600,3009.19587628866,5.0,5,3
601,3009.19587628866,8.0,8,3
602,0.0,3.0,3,0
603,0.0,3.0,3,0
604,634.2886597938144,3.0,3,2
605,3888.6907216494847,3.0,3,3
606,3888.6907216494847,3.0,3,3
607,3888.6907216494847,3.0,3,3
608,3888.6907216494847,3.0,3,3
609,0.0,8.0,8,0
610,0.0,5.0,5,0
611,0.0,7.0,7,0
612,0.0,5.0,5,0
613,770.4065934065934,7.0,7,2
614,0.0,5.0,5,0
615,0.0,7.0,7,0
616,0.0,5.0,5,0
617,0.0,7.0,7,0
618,1403.0618556701031,8.0,8,3
619,1403.0618556701031,8.0,8,3
620,1403.0618556701031,8.0,8,3
621,0.0,8.0,8,0
622,1403.0618556701031,8.0,8,3
623,56.21649484536083,6.0,6,1
624,0.0,8.0,8,0
625,0.0,6.0,6,0
626,0.0,5.3728596,5,0
627,2032.0515463917525,8.0,8,3
628,2296.6494845360826,6.0,6,3
629,18190.56701030928,8.0,8,4
630,47464.0206185567,8.0,8,4
631,0.0,8.0,8,0
632,0.0,7.0,7,0
633,0.0,7.01,7,0
634,0.0,6.01,6,0
635,0.0,5.02,5,0
636,0.0,6.0,6,0
637,0.0,6.0,6,0
638,0.0,5.01,5,0
639,0.0,5.01,5,0
640,0.0,5.01,5,0
641,0.0,5.01,5,0
642,0.0,5.01,5,0
643,0.0,8.0,8,0
644,0.0,7.0,7,0
645,0.0,7.0,7,0
646,0.0,7.0,7,0
647,0.0,6.02,6,0
648,0.0,7.0,7,0
649,0.0,7.0,7,0
650,0.0,6.01,6,0
651,0.0,6.01,6,0
652,0.0,6.01,6,0
653,0.0,6.01,6,0
654,0.0,6.01,6,0
655,0.0,7.0,7,0
656,15172.701030927836,5.0,5,4
657,0.0,4.0,4,0
658,1188.618556701031,4.0,4,3
659,0.0,4.0,4,0
660,0.0,4.0,4,0
661,0.0,5.0,5,0
662,0.0,4.0,4,0
663,15172.701030927836,4.0,4,4
664,0.0,4.0,4,0
665,0.0,3.0,3,0
666,15172.701030927836,3.99,3,4
667,0.0,5.0,5,0
668,0.0,4.0,4,0
669,0.0,3.0,3,0
670,3044.340206185567,5.0,5,3
671,11461.01030927835,8.0,8,4
672,0.0,8.0,8,0
673,0.0,8.0,8,0
674,0.0,8.0,8,0
675,0.0,6.0,6,0
676,0.0,8.0,8,0
677,0.0,8.0,8,0
678,0.0,8.0,8,0
679,0.0,8.0,8,0
680,0.0,8.0,8,0
681,0.0,8.0,8,0
682,0.0,8.0,8,0
683,0.0,8.0,8,0
684,0.0,8.0,8,0
685,0.0,8.0,8,0
686,0.0,3.0,3,0
687,0.0,4.0,4,0
688,2080.4123711340208,4.0,4,3
689,651.8041237113403,4.0,4,2
690,0.0,4.0,4,0
691,2080.4123711340208,4.0,4,3
692,0.0,8.0,8,0
693,0.0,8.0,8,0
694,514.5051546391752,8.0,8,2
695,0.0,8.0,8,0
696,8103.144329896907,8.0,8,3
697,0.0,8.0,8,0
698,0.0,8.0,8,0
699,942.4536082474228,8.0,8,2
700,0.0,8.0,8,0
701,0.0,8.0,8,0
702,3869.752577319588,6.0,6,3
703,0.0,5.3728596,5,0
704,1763.5257731958764,6.0,6,3
705,1052.4536082474226,6.0,6,3
706,9207.0,5.0,5,3
707,0.0,5.0,5,0
708,0.0,5.0,5,0
709,0.0,5.0,5,0
710,0.0,5.03,5,0
711,16640.0,5.0,5,4
712,0.0,5.0,5,0
713,0.0,5.0,5,0
714,0.0,8.0,8,0
715,0.0,8.0,8,0
716,0.0,8.0,8,0
717,0.0,8.0,8,0
718,0.0,8.0,8,0
719,0.0,3.0,3,0
720,0.0,3.0,3,0
721,0.0,8.0,8,0
722,612.2989690721649,6.01,6,2
723,3073.8041237113403,6.0,6,3
724,521.8453608247422,6.0,6,2
725,1361.1958762886595,6.0,6,3
726,355.0309278350516,6.01,6,2
727,1361.1958762886595,5.0,5,3
728,1324.0309278350514,5.0,5,3
729,3003.6082474226805,5.0,5,3
730,1399.7835051546392,5.0,5,3
731,0.0,5.0,5,0
732,0.0,5.0,5,0
733,0.0,6.0,6,0
734,0.0,5.0,5,0
735,0.0,6.0,6,0
736,0.0,5.0,5,0
737,0.0,2.5,2,0
738,5857.360824742268,7.0,7,3
739,0.0,5.0,5,0
740,6595.412371134021,3.0,3,3
741,0.0,3.0,3,0
742,6595.412371134021,3.0,3,3
743,0.0,5.0,5,0
744,0.0,2.03,2,0
745,0.0,2.01,2,0
746,6595.412371134021,2.0,2,3
747,0.0,2.0,2,0
748,6595.412371134021,3.0,3,3
749,2777.979381443299,6.5,6,3
750,0.0,6.5,6,0
751,0.0,5.01,5,0
752,0.0,6.5,6,0
753,0.0,5.5,5,0
754,0.0,5.01,5,0
755,0.0,5.5,5,0
756,0.0,5.5,5,0
757,0.0,6.0,6,0
758,0.0,5.0,5,0
759,7184.938144329897,3.0,3,3
760,7184.938144329897,3.0,3,3
761,7184.938144329897,3.0,3,3
762,0.0,5.0,5,0
763,263.1752577319588,3.0,3,2
764,3338.742268041237,8.0,8,3
765,0.0,8.0,8,0
766,0.0,8.0,8,0
767,3338.742268041237,8.0,8,3
768,3338.742268041237,7.5,7,3
769,3338.742268041237,5.0,5,3
770,0.0,7.0,7,0
771,3338.742268041237,8.0,8,3
772,51.49484536082474,3.0,3,1
773,69.90721649484536,3.0,3,1
774,58.7319587628866,8.0,8,1
775,0.0,4.0,4,0
776,0.0,4.0,4,0
777,0.0,4.0,4,0
778,0.0,5.0,5,0
779,0.0,5.0,5,0
780,0.0,4.0,4,0
781,0.0,6.0,6,0
782,0.0,6.0,6,0
783,0.0,7.0,7,0
784,0.0,7.0,7,0
785,0.0,7.0,7,0
786,0.0,7.0,7,0
787,0.0,7.0,7,0
788,0.0,5.0,5,0
789,0.0,5.0,5,0
790,32.26086956521739,5.0,5,1
791,0.0,5.0,5,0
792,0.0,4.02,4,0
793,0.0,5.0,5,0
794,0.0,4.015,4,0
795,0.0,5.0,5,0
796,0.0,5.0,5,0
797,0.0,5.0,5,0
798,0.0,5.0,5,0
799,0.0,3.0,3,0
800,0.0,5.0,5,0
801,0.0,5.0,5,0
802,0.0,4.0,4,0
803,0.0,5.0,5,0
804,0.0,5.0,5,0
805,0.0,3.99,3,0
806,0.0,4.01,4,0
807,0.0,4.01,4,0
808,19184.103092783505,6.0,6,4
809,19184.103092783505,5.03,5,4
810,0.0,6.0,6,0
811,19184.103092783505,6.0,6,4
812,19184.103092783505,6.0,6,4
813,0.0,6.0,6,0
814,19184.103092783505,5.02,5,4
815,19184.103092783505,5.02,5,4
816,8122.463917525773,4.5,4,3
817,15039.814432989691,3.0,3,4
818,20990.48453608248,3.0,3,4
819,54360.9587628866,6.0,6,5
820,8201.525773195875,6.0,6,3
821,0.0,6.0,6,0
822,0.0,6.0,6,0
823,1267.6701030927834,6.0,6,3
824,0.0,6.0,6,0
825,8537.278350515464,5.02,5,3
826,1267.6701030927834,5.46,5,3
827,65893.26804123711,5.0,5,5
828,8201.525773195875,5.0,5,3
829,0.0,8.0,8,0
830,0.0,6.0,6,0
831,0.0,6.0,6,0
832,38723.13402061856,5.0,5,4
833,6902.350515463918,6.01,6,3
834,6902.350515463918,8.0,8,3
835,6902.350515463918,8.0,8,3
836,6902.350515463918,6.03,6,3
837,6902.350515463918,5.01,5,3
838,6902.350515463918,5.0,5,3
839,0.0,8.0,8,0
840,0.0,3.0,3,0
841,0.0,3.0,3,0
842,86.84536082474227,3.0,3,1
843,86.84536082474227,2.83,2,1
844,5773.092783505154,5.0,5,3
845,86.84536082474227,4.225,4,1
846,0.0,2.75,2,0
847,0.0,3.0,3,0
848,0.0,5.0,5,0
849,0.0,6.0,6,0
850,43668.49484536082,6.0,6,4
851,2577.2061855670104,5.0,5,3
852,2577.2061855670104,7.0,7,3
853,133.2164948453608,7.0,7,2
854,0.0,6.01,6,0
855,0.0,6.0,6,0
856,188.28865979381445,6.0,6,2
857,623.3711340206186,6.0,6,2
858,43668.49484536082,6.0,6,4
859,0.0,6.0,6,0
860,0.0,6.0,6,0
861,187.95876288659792,3.0,3,2
862,7079.381443298969,3.0,3,3
863,225.22680412371133,3.0,3,2
864,0.0,8.0,8,0
865,10166.701030927836,8.0,8,4
866,7036.5360824742265,3.0,3,3
867,0.0,3.0,3,0
868,0.0,4.0,4,0
869,0.0,3.0,3,0
870,1053.701030927835,3.0,3,3
871,0.0,3.0,3,0
872,1053.701030927835,3.0,3,3
873,0.0,3.0,3,0
874,0.0,3.0,3,0
875,4673.061855670103,3.0,3,3
876,0.0,3.0,3,0
877,0.0,8.0,8,0
878,2607.443298969072,8.0,8,3
879,12000.721649484536,3.0,3,4
880,21829.9793814433,6.0,6,4
881,2607.443298969072,5.0,5,3
882,1250.40206185567,6.01,6,3
883,2607.443298969072,6.0,6,3
884,71.84536082474227,5.01,5,1
885,593.2886597938144,5.52,5,2
886,593.2886597938144,5.011,5,2
887,488.4845360824742,6.0,6,2
888,3465.0,7.0,7,3
889,488.4845360824742,6.0,6,2
890,488.4845360824742,6.0,6,2
891,0.0,6.0,6,0
892,0.0,5.0,5,0
893,0.0,7.0,7,0
894,0.0,6.0,6,0
895,0.0,5.0,5,0
896,0.0,5.0,5,0
897,0.0,5.0,5,0
898,1787.721649484536,8.0,8,3
899,1787.721649484536,8.0,8,3
900,469.50515463917526,8.0,8,2
901,728.5567010309278,8.0,8,2
902,809.3917525773196,8.0,8,2
903,1265.721649484536,8.0,8,3
904,3129.8453608247423,8.0,8,3
905,691.1134020618557,8.0,8,2
906,22579.78350515464,4.0,4,4
907,24400.80412371134,4.0,4,4
908,3426.0515463917527,4.0,4,3
909,6797.164948453608,4.0,4,3
910,28876.886597938144,4.0,4,4
911,3426.0515463917527,2.0,2,3
912,24400.80412371134,2.0,2,4
913,3426.0515463917527,2.0,2,3
914,24400.80412371134,2.0,2,4
915,3426.0515463917527,2.0,2,3
916,24400.80412371134,2.0,2,4
917,1244.4845360824745,5.3728596,5,3
918,1244.4845360824745,5.807,5,3
919,0.0,5.8,5,0
920,0.0,5.78,5,0
921,0.0,5.52,5,0
922,0.0,5.518,5,0
923,1244.4845360824745,5.495,5,3
924,0.0,5.48,5,0
925,0.0,5.372,5,0
926,0.0,5.373,5,0
927,0.0,5.371,5,0
928,0.0,6.0,6,0
929,0.0,8.0,8,0
930,0.0,8.0,8,0
931,0.0,8.0,8,0
932,0.0,8.0,8,0
933,0.0,8.0,8,0
934,18075.082474226805,8.0,8,4
935,0.0,8.0,8,0
936,0.0,8.0,8,0
937,0.0,8.0,8,0
938,0.0,8.0,8,0
939,30621.20618556701,8.0,8,4
940,30621.20618556701,8.0,8,4
941,30621.20618556701,8.0,8,4
942,30621.20618556701,8.0,8,4
943,0.0,3.0,3,0
944,5736.061855670103,3.0,3,3
945,0.0,8.0,8,0
946,44837.32989690721,3.0,3,4
947,39877.79381443299,3.0,3,4
948,2179.474226804124,3.0,3,3
949,2.061855670103093,3.0,3,1
950,1498.6907216494844,3.0,3,3
951,47545.65979381443,3.0,3,4
952,16181.443298969072,3.0,3,4
953,3932.577319587629,3.0,3,3
954,413.8865979381444,5.0,5,2
955,4187.958762886598,6.0,6,3
956,15622.061855670105,3.0,3,4
957,2220.072164948453,3.0,3,3
958,8579.432989690722,3.0,3,3
959,52115.38144329897,3.0,3,5
960,10258.061855670105,3.0,3,4
961,2991.9896907216494,3.0,3,3
962,2064.546391752577,3.0,3,3
963,10258.061855670105,3.0,3,4
964,10870.443298969072,3.0,3,4
965,28246.77319587629,8.0,8,4
966,0.0,5.0,5,0
967,0.0,5.0,5,0
968,1938.5979381443296,5.0,5,3
969,29435.77319587629,5.0,5,4
970,531.4742268041238,5.0,5,2
971,2202.4123711340208,5.0,5,3
972,2202.4123711340208,4.011,4,3
973,0.0,8.0,8,0
974,0.0,6.0,6,0
975,0.0,5.0,5,0
976,0.0,4.0,4,0
977,16944.546391752578,4.0,4,4
978,580.1237113402062,3.0,3,2
979,2065.360824742268,3.0,3,3
980,7522.546391752578,3.0,3,3
981,17911.9793814433,3.0,3,4
982,990.319587628866,3.0,3,2
983,267.2022471910112,3.0,3,2
984,6123.79381443299,5.0,5,3
985,10101.577319587628,5.0,5,4
986,10101.577319587628,3.0,3,4
987,7522.546391752578,3.0,3,3
988,0.0,3.0,3,0
989,10101.577319587628,3.0,3,4
990,10101.577319587628,3.0,3,4
991,10101.577319587628,3.0,3,4
992,10101.577319587628,3.0,3,4
993,10101.577319587628,3.0,3,4
994,10101.577319587628,3.0,3,4
995,1404.0721649484535,3.0,3,3
