Is it an algorithm?,In AlgoWiki list?,article,formatted title,url,7/1/15,8/1/15,9/1/15,10/1/15,11/1/15,12/1/15,1/1/16,2/1/16,3/1/16,4/1/16,5/1/16,6/1/16,7/1/16,8/1/16,9/1/16,10/1/16,11/1/16,12/1/16,1/1/17,2/1/17,3/1/17,4/1/17,5/1/17,6/1/17,7/1/17,8/1/17,9/1/17,10/1/17,11/1/17,12/1/17,1/1/18,2/1/18,3/1/18,4/1/18,5/1/18,6/1/18,7/1/18,8/1/18,9/1/18,10/1/18,11/1/18,12/1/18,1/1/19,2/1/19,3/1/19,4/1/19,5/1/19,6/1/19,7/1/19,8/1/19,9/1/19,10/1/19,11/1/19,12/1/19,1/1/20,2/1/20,3/1/20,4/1/20,5/1/20,6/1/20,7/1/20,8/1/20,9/1/20,10/1/20,11/1/20,12/1/20,1/1/21,2/1/21,3/1/21,4/1/21,5/1/21,6/1/21,7/1/21,8/1/21,9/1/21,10/1/21,11/1/21,12/1/21,1/1/22,2/1/22,3/1/22,4/1/22,5/1/22,6/1/22,7/1/22,8/1/22,9/1/22,10/1/22,11/1/22,12/1/22,1/1/23,2/1/23,3/1/23,4/1/23,5/1/23,overall avg,last year avg
Yes,,Dijkstra's_algorithm,Dijkstra%27s_algorithm,https://wikimedia.org/api/rest_v1/metrics/pageviews/per-article/en.wikipedia.org/all-access/user/Dijkstra%27s_algorithm/monthly/20150701/20230615,57636,65757,71350,98722,101517,94187,72386,84772,92015,111549,105146,74266,56280,61851,76521,124046,121892,105046,81084,96579,106325,133400,104664,72992,57330,58601,80149,105118,115363,95813,75077,81202,93356,107450,106877,70545,60915,58286,67649,89793,98887,91259,73215,72394,92125,94038,88690,63353,53656,53184,68863,94299,104019,94902,73852,75862,74949,88674,91284,75976,63559,55777,66260,90792,104602,98672,78458,76245,94313,97194,90419,74162,67437,63609,66524,83916,92748,130655,79313,74879,86172,89566,89302,72176,57642,56833,67495,86287,108614,131138,79680,74058,86982,84445,82039,84410.01053,82282.41667
Yes,,RSA_(cryptosystem),RSA_%28cryptosystem%29,https://wikimedia.org/api/rest_v1/metrics/pageviews/per-article/en.wikipedia.org/all-access/user/RSA_%28cryptosystem%29/monthly/20150701/20230615,63460,69051,70526,105302,124271,123275,91458,767712,130042,95078,117901,85843,65655,74072,77654,82660,88872,78725,70229,72272,78329,73167,72033,53716,48908,49958,55722,67648,71608,65238,65940,61044,74007,76615,71127,53586,53299,53290,56984,69720,66628,60258,57457,56991,69843,64857,60839,49650,46139,43884,54654,68289,62816,55923,52046,56508,57309,65663,60689,53071,46093,44123,50525,61256,62991,62360,55662,54423,78269,65074,60809,55106,50737,46529,53265,63724,64031,62129,58816,55076,64681,62537,63368,54720,45365,45817,54591,66924,70750,60144,61565,54734,67579,59524,56762,72942.84211,58206.25
Yes,,A*_search_algorithm,A%2A_search_algorithm,https://wikimedia.org/api/rest_v1/metrics/pageviews/per-article/en.wikipedia.org/all-access/user/A%2A_search_algorithm/monthly/20150701/20230615,84362,92321,75616,68298,56757,56290,46274,55712,61857,60093,59840,44287,38956,42286,58680,80003,105079,85714,84247,83761,88274,82978,95519,95780,106169,93238,118642,147583,118404,97597,91549,71888,71943,64886,58747,44171,40130,42600,57770,68224,65337,64380,63678,58271,74481,68675,54616,43092,42560,49068,53785,64802,56320,50285,50413,55417,54421,56305,55474,44846,38893,37408,50837,59484,63161,59795,54315,90670,102410,87466,56863,42110,37550,39782,52649,58922,58231,66613,47703,47909,52599,48038,48764,41561,35119,36878,46910,51749,56307,67007,52161,50819,57050,49916,49448,63366.82105,49577.08333
Yes,,K-means_clustering,K-means_clustering,https://wikimedia.org/api/rest_v1/metrics/pageviews/per-article/en.wikipedia.org/all-access/user/K-means_clustering/monthly/20150701/20230615,36957,35001,39940,51338,53129,47149,43766,46923,56304,58180,55661,46124,38805,39729,45596,55237,62129,53469,50179,50479,66520,63025,62537,51963,46769,46445,49256,63003,68117,55630,54943,54013,65776,69768,66713,54037,50883,47460,49853,64857,67770,65235,56170,53980,66886,70570,63359,50899,48593,46172,46226,62277,61941,50002,53853,54837,52602,59872,63150,53990,47567,44834,51066,60518,64502,60191,54255,51956,64390,62144,58351,53499,46870,41469,44428,52880,58795,52562,48830,49140,55278,58664,62292,56524,42831,41777,47782,54547,62501,47824,51352,49436,55127,49296,51970,53910.47368,50913.91667
Yes,,Newton's_method,Newton%27s_method,https://wikimedia.org/api/rest_v1/metrics/pageviews/per-article/en.wikipedia.org/all-access/user/Newton%27s_method/monthly/20150701/20230615,35995,36186,51307,69379,65054,54249,48495,58715,59404,59530,55196,43277,35350,38631,53430,66711,67770,52901,50653,57170,63238,56090,58000,43402,38201,47950,57247,72729,74201,58571,56505,63116,65225,66441,63703,44967,42264,44292,57016,73368,72635,57463,54749,61912,69336,66150,58584,42052,38197,39050,51930,66300,60250,46270,47433,55517,50655,55421,55720,48810,39193,35336,50334,64222,58798,50813,54363,54664,66373,56168,49115,44511,41285,38382,50082,59302,54215,45009,46917,48996,51738,47667,47612,37819,33201,33703,45334,51610,52607,41553,42080,43569,51653,44820,46185,52458.86316,43677.83333
Yes,,Hash_function,Hash_function,https://wikimedia.org/api/rest_v1/metrics/pageviews/per-article/en.wikipedia.org/all-access/user/Hash_function/monthly/20150701/20230615,43744,41959,47705,56757,54494,48882,47528,52040,54897,54721,56790,47248,41806,45954,51828,60964,62370,53179,51216,53146,61577,54099,58900,54421,49299,52002,55748,68733,79686,84432,82276,70349,74917,70195,69964,56470,53409,51577,53107,61884,61973,55431,52089,50054,58742,55549,57231,45885,44057,43171,47215,52326,51609,43380,44542,46252,45240,54831,55435,49797,46870,42105,42585,47526,47528,46797,46212,49092,55405,51343,52397,44936,44424,48660,44213,48278,49671,48847,48283,48230,52479,50793,48164,42809,40172,42043,41472,47472,50584,46285,44484,42637,49527,50326,48951,52175.6,45563.5
Yes,,Binary_search_algorithm,Binary_search_algorithm,https://wikimedia.org/api/rest_v1/metrics/pageviews/per-article/en.wikipedia.org/all-access/user/Binary_search_algorithm/monthly/20150701/20230615,35573,45538,52148,61845,54070,46536,49499,56139,60174,54484,58552,43265,39243,44645,57179,61878,62345,51670,53061,61835,65533,60327,52535,40809,38162,38899,51937,58742,58478,47251,50799,53847,58331,57198,53063,41130,43418,44468,54706,119790,53952,44770,51284,51982,54538,52311,50769,36920,38373,41434,52894,58601,52859,40141,41552,42803,41816,45081,45344,39607,36128,41790,53331,57008,53283,51609,50330,49025,55189,45905,43645,40495,49667,42930,50794,53696,52729,44400,48367,48235,51859,41974,41715,33517,32196,34682,43219,41261,44065,33633,33613,33038,35923,29470,27447,48445.27368,35172
Yes,,Fast_Fourier_transform,Fast_Fourier_transform,https://wikimedia.org/api/rest_v1/metrics/pageviews/per-article/en.wikipedia.org/all-access/user/Fast_Fourier_transform/monthly/20150701/20230615,38972,38057,43945,51477,50971,54904,45237,47682,52552,51268,50387,43646,38487,38076,43462,50910,54318,49044,48616,49360,55009,53280,51150,42085,39077,39067,44248,52901,57097,48602,57217,51512,57063,58748,56972,47416,44356,44259,45338,57095,54931,47742,47715,48271,54115,56628,52321,41755,40651,38273,44632,57139,54295,48636,44487,44636,43701,46012,46319,40467,37203,34246,39949,45348,45992,50617,43709,43241,52047,47761,44198,40348,37645,35446,39670,45053,45230,41478,40778,39779,42789,42243,43893,40404,34732,35880,40487,45508,101617,49296,50209,45643,50979,42872,46078,46936.38947,48642.08333
Yes,,MD5,MD5,https://wikimedia.org/api/rest_v1/metrics/pageviews/per-article/en.wikipedia.org/all-access/user/MD5/monthly/20150701/20230615,52769,58307,56360,57786,54638,61191,51314,54707,58045,58187,58584,51250,47406,52198,52237,54061,52884,60450,50637,55324,56402,50082,53050,45965,42264,43258,46117,54695,53567,47318,50667,48433,54145,54696,52622,44616,43678,43421,43380,49590,47615,42852,44069,43413,46844,44749,42878,37095,36971,38510,40524,46451,45183,38267,41875,42181,42936,47636,45455,40960,36569,37363,39867,45344,43481,44969,43372,41194,48889,46777,42335,39391,44374,38053,38732,41330,40342,39386,38061,37752,42029,38666,37291,33566,31920,33953,37022,39997,41070,34260,32165,30164,35935,32511,32767,45196.44211,34610.83333
Yes,,PageRank,PageRank,https://wikimedia.org/api/rest_v1/metrics/pageviews/per-article/en.wikipedia.org/all-access/user/PageRank/monthly/20150701/20230615,44822,50137,50399,53250,53826,53395,47976,49138,51242,56611,49419,40450,38459,37782,45828,48678,51195,45436,44507,45414,51234,48635,47634,39902,37806,36979,41117,50047,49732,44251,47761,41975,46425,48368,45774,38508,37325,38877,41060,46243,40869,41928,40227,36299,41988,44779,36802,31795,33598,34031,42354,47683,47012,45539,39489,39145,38638,44907,42743,34860,34556,31627,36018,42292,42839,40961,38755,35411,40716,40593,38257,33129,32713,31314,35807,39761,40473,35863,36756,34626,38702,41091,42503,42060,50503,51369,58941,68498,70256,65047,68866,64939,51146,36722,37015,43920.29474,55446.83333
Yes,,Bubble_sort,Bubble_sort,https://wikimedia.org/api/rest_v1/metrics/pageviews/per-article/en.wikipedia.org/all-access/user/Bubble_sort/monthly/20150701/20230615,41617,45014,61124,73914,69169,59228,55586,64989,65954,68618,59481,48150,43139,47528,64332,74706,78942,61515,58497,69163,76307,61536,57014,42148,37926,40539,53816,78803,65882,51433,51823,55959,60485,58369,51180,38236,35428,39241,47092,54235,49259,40277,39650,39756,43923,40546,34397,25674,24072,26080,36089,40841,39434,31279,32283,36007,33402,35316,35886,31573,28451,29540,39733,44660,46829,39734,36289,36498,44289,35247,30645,27170,31176,29094,36471,44085,41509,33062,34603,33762,37393,32427,29852,23746,22313,21485,25935,30454,30532,25790,23390,23494,26402,21577,20855,43182.67368,24664.41667
Yes,,Breadth-first_search,Breadth-first_search,https://wikimedia.org/api/rest_v1/metrics/pageviews/per-article/en.wikipedia.org/all-access/user/Breadth-first_search/monthly/20150701/20230615,31405,33299,43083,53891,53428,47794,39595,44996,53242,64916,56431,39484,32117,34459,46533,59144,63886,52474,45893,47652,55795,54909,52077,38170,32793,34322,45032,57517,55566,43733,39218,41079,48203,54125,49302,35750,31218,32481,46945,50004,78890,40433,37778,36160,42743,42690,37224,29948,27552,27403,35959,43831,44856,39206,34322,39128,37938,42897,43188,36327,30452,31370,39530,51261,53866,50735,42336,41136,48908,46648,39907,35106,35417,34263,36832,45267,46505,49040,41266,42053,46923,47420,43560,35120,29690,27740,33695,37405,43137,55805,34544,29503,35429,28018,28875,42517.85263,34913.41667
Yes,,Linear_programming,Linear_programming,https://wikimedia.org/api/rest_v1/metrics/pageviews/per-article/en.wikipedia.org/all-access/user/Linear_programming/monthly/20150701/20230615,36256,39986,44960,48665,48648,47051,45093,45142,48318,48040,49003,45537,39300,38448,43651,49369,50994,45525,45599,45064,52329,47296,47632,38927,35178,36083,43575,49159,52400,43819,47240,45550,47859,47245,46942,36175,36467,35238,41292,46232,45410,39079,39704,37926,45890,44131,41897,32485,32544,31826,36714,42229,40159,34453,35764,38489,36382,39811,46474,39991,33370,32148,40040,44878,42530,40776,40288,37134,44099,38662,38513,31949,31011,29606,32052,35450,34535,29206,31799,29116,30559,28956,31910,25783,25195,24322,28052,29908,32742,27664,28133,27329,31169,26417,28296,39013.07368,27917.5
Yes,,K-nearest_neighbors_algorithm,K-nearest_neighbors_algorithm,https://wikimedia.org/api/rest_v1/metrics/pageviews/per-article/en.wikipedia.org/all-access/user/K-nearest_neighbors_algorithm/monthly/20150701/20230615,18952,18300,22280,29011,29821,27867,25655,30204,33238,34751,34804,28404,23304,24872,30228,39029,41353,36254,34637,36806,44358,43610,43892,34662,30698,31448,35928,44910,47677,41627,42252,42780,49344,54593,53864,39208,36533,34938,39349,51904,50186,46099,41276,42914,50585,54564,49658,39758,36907,34195,42013,49665,45604,38392,39782,40445,39039,41858,48423,41648,36066,32791,41749,50422,53074,47886,43746,41596,48705,45786,46306,41512,36488,32043,37655,44670,47359,41581,41323,40558,45115,46305,46550,38541,29786,29313,34308,38338,40525,33533,32756,28916,32554,29120,32000,39003.49474,33307.5
Yes,,Depth-first_search,Depth-first_search,https://wikimedia.org/api/rest_v1/metrics/pageviews/per-article/en.wikipedia.org/all-access/user/Depth-first_search/monthly/20150701/20230615,31650,33665,41075,50911,52037,47160,37483,41361,48538,52378,49275,35784,28047,31114,40905,50981,57176,47524,39982,40998,49061,49604,45622,32666,28092,29303,39710,51493,51395,41588,37165,36560,41701,47356,42440,31703,27897,27397,34790,43467,43913,36083,33150,32850,39995,41297,37667,28396,26315,25734,32415,42418,46590,38488,34155,35248,34653,40838,43077,36009,28961,29675,37508,46208,47847,48204,39938,38356,45576,43504,36937,35053,34566,31881,32919,40905,45278,45074,37909,39533,40751,41423,39298,32317,28387,26104,29540,35117,36981,41613,32493,28984,33670,28778,28120,38586.87368,31842
Yes,,Cryptographic_hash_function,Cryptographic_hash_function,https://wikimedia.org/api/rest_v1/metrics/pageviews/per-article/en.wikipedia.org/all-access/user/Cryptographic_hash_function/monthly/20150701/20230615,31096,31006,39181,40588,38872,35256,35330,37147,40034,37463,41480,37225,32759,36351,39998,40121,40105,35921,35904,41786,41706,35373,38841,35877,33845,38267,40779,46237,51904,63466,60983,56584,55474,49400,48742,39410,38445,37191,39133,43037,40808,37772,38371,36442,40285,37829,37214,32914,32366,30901,31664,36806,36289,31496,33740,34351,35428,39329,38706,36456,34352,29994,32287,37005,38025,38672,42501,44504,51526,47654,51363,39766,38427,37291,38455,40129,43670,41453,45134,39540,40535,36516,37429,32837,30021,26610,28524,29198,32296,27581,26902,27012,28143,26925,26040,38208.43158,28507.41667
Yes,,Backpropagation,Backpropagation,https://wikimedia.org/api/rest_v1/metrics/pageviews/per-article/en.wikipedia.org/all-access/user/Backpropagation/monthly/20150701/20230615,27030,18325,20261,23690,26372,24803,23482,24397,32967,32909,34119,41129,23193,23384,26657,33820,37854,37353,35977,34952,42595,41865,44468,36746,32972,34714,38812,47535,47973,39854,38637,35834,40511,43103,46736,36931,33246,31856,34075,42439,43378,41007,36455,36041,43734,45180,41050,31390,28419,26086,29751,37586,38291,32910,32312,31883,30440,34998,39152,32224,26992,25365,27969,32752,35148,34107,30993,29971,36224,33316,32651,28192,25194,23928,24591,28709,30501,26653,26051,25231,28609,27526,29367,25655,20465,20513,23262,30389,33114,27183,28665,28122,31612,31059,46599,32658.32632,28886.5
Yes,,Digital_Signature_Algorithm,Digital_Signature_Algorithm,https://wikimedia.org/api/rest_v1/metrics/pageviews/per-article/en.wikipedia.org/all-access/user/Digital_Signature_Algorithm/monthly/20150701/20230615,8601,8385,8560,9765,2139293,10265,9549,9446,10541,10396,10326,8896,7419,8142,8727,10545,11134,10194,10048,10234,11999,11593,11319,9305,8503,8367,9377,11364,12690,11627,10857,10153,11787,11896,10808,8998,7952,8304,8243,9544,10120,9905,8981,7834,9611,10073,9744,7713,7292,6639,7377,9513,10327,9093,8886,8157,8531,9999,8743,8332,7068,6548,8176,9811,11221,10323,9417,8359,10103,9522,9356,9171,8442,7520,8143,8751,9815,9567,9290,7881,9506,9677,8843,7665,6830,6807,6883,8273,10851,8871,8169,7280,8354,7340,8369,31623.41053,7974.333333
Yes,,Genetic_algorithm,Genetic_algorithm,https://wikimedia.org/api/rest_v1/metrics/pageviews/per-article/en.wikipedia.org/all-access/user/Genetic_algorithm/monthly/20150701/20230615,32306,30638,32110,36525,36526,35735,32782,32549,40075,40734,40908,34475,28277,27778,29845,38900,44724,43281,35685,33109,41852,38935,41370,30148,28479,30265,32566,38472,46331,39815,37190,36159,41690,41562,40941,30443,30677,28775,28469,33634,36477,32867,30801,28488,34401,35772,33605,28307,23882,21546,24964,30218,32649,27860,26413,27473,27787,30912,32521,26922,22434,21111,24700,30144,31471,31520,30222,26693,32793,28509,28514,26274,26384,22077,22062,27048,28684,26571,24744,22716,25984,25467,27591,22808,18415,18206,20446,22809,26570,23848,22120,19929,23729,21160,22873,30476.06316,21909.41667
Yes,,Euclidean_algorithm,Euclidean_algorithm,https://wikimedia.org/api/rest_v1/metrics/pageviews/per-article/en.wikipedia.org/all-access/user/Euclidean_algorithm/monthly/20150701/20230615,27309,24161,37017,40319,35268,27011,30979,35035,33203,33852,30076,26892,23893,26980,41395,42162,40546,29813,35130,36279,36182,30181,28299,26172,23438,23142,36295,42625,37717,29317,33224,33351,34696,29637,25621,22176,22851,26618,34714,35854,29618,23859,27437,29084,29767,30063,30246,21272,20748,21564,42570,38528,32134,25955,30027,31507,31122,31657,27680,25262,22415,23155,33902,35642,34078,30955,29489,31946,36498,30327,25721,23217,24010,24592,36120,39382,34046,26151,29362,31821,32349,25395,24548,20927,17784,17777,26511,33051,28731,21415,23224,23753,29254,21972,21593,29690.97895,23832.66667
Yes,,Huffman_coding,Huffman_coding,https://wikimedia.org/api/rest_v1/metrics/pageviews/per-article/en.wikipedia.org/all-access/user/Huffman_coding/monthly/20150701/20230615,20751,20846,24611,33629,37371,34058,27884,29177,31068,37543,35274,27090,23032,23743,27432,35939,41399,37912,30550,28928,39992,35802,36410,25439,20473,21223,27070,35257,38384,33738,31067,27777,33449,35134,34643,22944,20780,22235,23080,31339,33048,28322,24693,23303,30127,32258,31067,22213,18823,17997,21416,30316,34546,27662,25915,26523,28309,34813,32577,28282,23045,21084,24943,33253,37134,34144,29196,27338,33610,32682,28996,26520,27299,23645,22050,29253,33235,31187,27741,26045,29817,30670,30606,24845,24015,20039,22416,26658,33941,27134,24256,22804,26627,25861,27572,28698.35789,25514
Yes,,Ray_tracing_(graphics),Ray_tracing_%28graphics%29,https://wikimedia.org/api/rest_v1/metrics/pageviews/per-article/en.wikipedia.org/all-access/user/Ray_tracing_%28graphics%29/monthly/20150701/20230615,10845,11134,12818,14894,15369,17937,14503,13645,14560,14718,16633,12048,9950,10628,11705,14408,16275,13673,13684,13556,14606,13973,15777,11623,10578,10930,11460,13676,14811,12922,12463,10887,31597,19720,18621,13098,11278,85526,36949,26608,30718,23979,38490,27763,32448,57324,41628,43413,30214,37387,35438,45091,37877,35754,36842,29545,34002,46051,47629,46571,38222,33751,61186,51303,60985,70562,38764,31692,31822,26882,27996,28119,23493,22450,22034,23593,23544,24746,25617,24337,24175,22431,19691,19582,18712,19517,24732,28219,31289,35465,28385,27561,31548,28228,25333,26360.16842,26547.58333
Yes,,Stochastic_gradient_descent,Stochastic_gradient_descent,https://wikimedia.org/api/rest_v1/metrics/pageviews/per-article/en.wikipedia.org/all-access/user/Stochastic_gradient_descent/monthly/20150701/20230615,11697,10279,12459,15413,15498,13880,15029,18009,19671,19795,19072,16520,14983,15814,19109,22926,23438,20723,21703,24729,28011,27039,26710,24059,22863,24456,26874,33117,32167,25319,28316,28426,32114,31194,31245,28184,26166,25055,26547,32515,30974,28257,28798,28777,33836,32811,29757,25178,24349,22690,24869,31735,30578,26712,29456,30533,33988,33770,33708,29754,26257,24163,28024,34085,32624,30861,29195,30175,34823,32394,30816,26550,25871,24355,26982,32216,31400,27417,27791,28230,30674,30159,30689,25325,22189,21676,24412,27380,28808,23024,23574,25697,30052,26539,26847,26136.08421,25460.25
Yes,,Luhn_algorithm,Luhn_algorithm,https://wikimedia.org/api/rest_v1/metrics/pageviews/per-article/en.wikipedia.org/all-access/user/Luhn_algorithm/monthly/20150701/20230615,36886,22419,23792,25589,23411,25316,24003,24280,24893,24203,25753,22966,24128,29344,46289,30183,32852,36438,35134,23675,28236,23909,25783,47296,23534,25247,29904,29427,26223,21242,26131,23930,26613,24113,27864,27369,22689,24791,25300,27960,29659,21912,24607,23969,23680,24240,23371,22935,26955,23101,25112,26706,24018,21984,25806,24387,23290,26314,23308,22260,23137,22703,24272,25955,23258,25777,23554,23400,26715,25102,24358,23527,21548,23749,22819,23789,22442,20210,22264,23669,23394,20595,21463,21868,21678,20523,21766,21072,22326,19488,21922,21013,23027,21393,21688,25075.71579,21480.33333
Yes,,Perceptron,Perceptron,https://wikimedia.org/api/rest_v1/metrics/pageviews/per-article/en.wikipedia.org/all-access/user/Perceptron/monthly/20150701/20230615,12653,12031,16989,20763,20573,19014,19945,21367,24319,23756,23477,18804,14681,15498,20525,27762,26002,25507,26633,28792,32926,33684,29675,23100,19842,20865,26050,32276,33121,27922,28530,30252,30340,30751,30500,21902,20548,20275,24585,28590,26855,26199,25990,25379,27189,28398,26128,20162,18045,18999,24090,28917,27667,24832,24569,25598,25382,26059,28003,23094,19611,19280,25712,27929,26487,24674,24468,24122,26459,22532,22400,19324,19145,16398,19283,23143,23163,32119,23628,22314,24580,20438,19980,16478,13281,13787,17330,19337,20269,17970,21797,21822,22168,20718,22385,23378.01053,18945.16667
Yes,,Topological_sorting,Topological_sorting,https://wikimedia.org/api/rest_v1/metrics/pageviews/per-article/en.wikipedia.org/all-access/user/Topological_sorting/monthly/20150701/20230615,13996,14365,16837,22120,23468,23037,17458,20116,22003,26226,23373,17395,14853,16891,19904,25410,29543,25817,20885,23831,26520,27391,24723,17957,15498,16991,20218,28403,27556,23321,20376,21564,24883,31064,25888,19426,17748,16888,18475,25325,24688,25183,19612,18969,22079,24661,23184,18323,16486,17257,20015,26301,27104,24160,20300,22027,22143,26452,30964,23483,22854,18304,20927,27255,32526,30607,26274,25763,33191,27597,23264,21055,22327,22207,20585,25978,26747,26222,23562,24034,27126,26681,26224,22901,21112,20158,18729,22441,24470,23938,19423,17436,19328,19180,18832,22635.70526,20662.33333
Yes,,Greedy_algorithm,Greedy_algorithm,https://wikimedia.org/api/rest_v1/metrics/pageviews/per-article/en.wikipedia.org/all-access/user/Greedy_algorithm/monthly/20150701/20230615,14449,16596,19287,24199,25247,22572,19487,22430,25167,26188,24995,20746,17380,19906,22382,28541,29784,25643,23969,25010,28622,27998,26497,19908,19033,20221,23862,29793,30363,25067,23809,23976,28064,29832,27928,20013,25139,18603,22446,28636,27185,23460,22177,21458,23309,21762,19074,15256,13638,14179,17513,23994,72890,19383,18855,22533,22318,27315,25747,23991,19231,17248,19601,28076,26893,27684,24285,22401,26012,22722,21871,19815,21124,19792,21127,24010,22089,20386,20673,20320,21571,19783,19803,18374,16248,13956,17277,21227,22512,19441,17838,15928,16038,13748,15129,22569.03158,17309.66667
Yes,,Minimum_spanning_tree,Minimum_spanning_tree,https://wikimedia.org/api/rest_v1/metrics/pageviews/per-article/en.wikipedia.org/all-access/user/Minimum_spanning_tree/monthly/20150701/20230615,13618,14238,18604,24317,27624,25545,17857,21491,22689,28622,26283,18198,14098,15640,20628,26755,33149,28472,21382,22545,25639,28048,25944,17346,13943,13702,17654,25145,29942,25608,18458,19937,23720,29729,25716,17185,14528,13610,17734,25133,27780,25896,18918,19767,24230,25330,22196,15803,13102,12736,16744,25324,28846,25144,17886,19216,21299,26631,27873,22476,18410,15720,18993,29311,30833,31180,22588,20176,28405,28071,24588,24110,21334,20598,20008,24487,28688,28015,21850,23349,26528,28337,26919,20273,17238,14712,16523,23803,29603,26610,19869,19867,22136,21378,19445,22332.92632,20954.75
Yes,,Cartesian_product,Cartesian_product,https://wikimedia.org/api/rest_v1/metrics/pageviews/per-article/en.wikipedia.org/all-access/user/Cartesian_product/monthly/20150701/20230615,15454,16990,25563,24554,19969,16664,20152,23729,21387,19684,18790,17355,15363,17983,26873,26597,22697,18366,23245,24361,24920,20925,20921,18617,17280,20057,28468,30937,25418,20810,25855,25692,25747,23597,21847,19846,19604,22085,29300,31950,25815,21986,26315,24893,26145,23022,20953,18241,19058,24103,29111,30131,23228,19021,22603,22833,20498,22961,20332,17662,16994,18479,27726,30107,24524,22250,23190,23285,26111,22796,20366,18526,18177,17384,24086,27540,22494,19020,23867,22246,23730,21679,19619,18178,16910,18817,26406,26882,23120,18506,22507,21167,20190,16532,16981,22199.52632,20516.33333
Yes,,Linear_discriminant_analysis,Linear_discriminant_analysis,https://wikimedia.org/api/rest_v1/metrics/pageviews/per-article/en.wikipedia.org/all-access/user/Linear_discriminant_analysis/monthly/20150701/20230615,15257,13917,16200,20358,20648,18661,18394,20090,23430,22795,22519,18193,14994,15642,17683,23061,25956,20772,20349,22654,26346,24399,25019,19968,17573,16675,17985,24172,26448,21716,22167,22835,25540,29396,29565,23658,21154,19937,20881,28215,29453,38645,24053,24756,27941,27863,27037,21476,19307,18268,22485,27806,26664,21016,21739,24488,23015,26502,26844,21904,18185,16487,19234,25124,26096,23378,21024,21455,26326,23387,22441,19677,18477,15714,16887,22443,23021,19666,18558,19667,21360,20278,21521,18055,14565,13551,16447,19729,20984,17077,17051,16718,18929,15688,15968,21491.07368,17063.5
Yes,,Cholesky_decomposition,Cholesky_decomposition,https://wikimedia.org/api/rest_v1/metrics/pageviews/per-article/en.wikipedia.org/all-access/user/Cholesky_decomposition/monthly/20150701/20230615,14013,13470,16973,21602,21569,17618,17299,21418,21838,22082,20725,17126,13913,16111,19524,24153,25093,19731,20262,22684,24496,22932,22618,18431,15627,16779,19985,25275,25159,20009,20330,21148,24842,24403,22572,17697,16086,16541,19630,26777,26027,20035,20233,21168,24032,23739,22017,17687,17551,16445,21022,27532,25780,20123,20831,22646,21282,24696,24242,19897,17936,16072,20465,25452,25349,22018,20578,21850,26272,25176,23107,19557,16802,17336,19391,24920,24336,19543,20328,22520,24378,21539,21960,17239,15658,15606,20953,26029,26930,20222,21475,23102,25951,22446,22514,21058.27368,21510.41667
Yes,,Parsing,Parsing,https://wikimedia.org/api/rest_v1/metrics/pageviews/per-article/en.wikipedia.org/all-access/user/Parsing/monthly/20150701/20230615,25910,25243,26835,28389,27002,26082,28364,29288,29948,28029,33300,26113,24111,25426,26966,28024,28649,25797,26960,25730,28701,57359,28114,24558,21290,22755,23539,27384,26806,22898,25296,23155,24867,24829,25037,19904,19946,19564,20134,22737,22876,20250,21493,20394,22744,21894,22223,18382,17913,16973,17354,19848,20083,16917,18227,18363,18540,20720,19459,17344,18048,15970,17418,20291,19249,18762,17502,17008,19377,16556,15446,14519,17786,17545,16215,16715,17173,15764,16512,15950,15478,14593,14930,13481,11924,12489,13180,14138,15020,13038,14229,13494,13937,12188,12556,21005.44211,13306.16667
Yes,,Shor's_algorithm,Shor%27s_algorithm,https://wikimedia.org/api/rest_v1/metrics/pageviews/per-article/en.wikipedia.org/all-access/user/Shor%27s_algorithm/monthly/20150701/20230615,11887,21007,16086,26876,18357,25458,14534,13840,25651,19587,24698,13301,14137,21327,15537,15028,17464,15933,16986,18729,21740,21383,21758,15648,18974,15547,19519,21033,23798,24940,24629,20801,23244,20921,19823,22502,26802,19767,17824,28364,24318,21434,23801,18260,21432,20472,26537,18741,17995,20368,27967,41533,27442,22581,20526,18194,17889,19851,19581,17560,15495,14513,15971,17049,18047,20634,19141,19279,24205,21885,21913,19506,36941,22652,20225,19645,24383,20284,19965,18746,17986,19397,21678,20622,22690,17992,20415,22276,22112,18496,23791,20286,25156,22747,22152,20738.91579,21561.25
Yes,,Kruskal's_algorithm,Kruskal%27s_algorithm,https://wikimedia.org/api/rest_v1/metrics/pageviews/per-article/en.wikipedia.org/all-access/user/Kruskal%27s_algorithm/monthly/20150701/20230615,10054,49098,15201,21379,25247,24983,13903,17017,20878,28551,27166,16586,10721,11948,15358,22848,31005,29526,18307,20473,25348,29193,28817,17130,12081,13325,18602,87059,33388,29048,17462,20149,24852,30795,27550,16612,12347,11459,15670,24931,27139,27409,16511,16900,21113,27096,24563,14483,10873,11079,15711,23389,30332,26356,15934,16811,17294,22070,22142,18256,13263,11663,13950,21078,26779,25495,18195,16172,23372,23082,20655,16642,15966,14516,12417,17952,20852,20849,14454,14858,16036,20450,18864,14546,10316,8358,10218,14980,18803,17136,12865,10822,14043,14732,15033,20115.15789,13487.66667
Yes,,Prim's_algorithm,Prim%27s_algorithm,https://wikimedia.org/api/rest_v1/metrics/pageviews/per-article/en.wikipedia.org/all-access/user/Prim%27s_algorithm/monthly/20150701/20230615,11579,12821,16166,22212,27433,27698,15359,19094,22050,30792,28257,17285,12160,14068,17036,23644,33595,31260,19732,23019,27530,31938,29852,17796,13643,13250,18980,28161,33367,29078,16907,19242,24166,32252,27800,16944,12906,12020,15161,24069,24569,23132,13401,14352,18784,22170,20985,14119,10398,11164,14907,20760,26232,23721,15317,16386,16241,21596,20613,16857,13924,10823,13578,20175,26596,26460,18547,16642,21963,21901,19920,17385,17072,14916,12622,17366,22527,23586,16355,15643,19389,24191,22185,17655,13129,10668,11045,16238,21348,20580,13222,13185,14281,15569,16213,19504.47368,15261.08333
Yes,,Expectation–maximization_algorithm,Expectation%E2%80%93maximization_algorithm,https://wikimedia.org/api/rest_v1/metrics/pageviews/per-article/en.wikipedia.org/all-access/user/Expectation%E2%80%93maximization_algorithm/monthly/20150701/20230615,12131,11917,13646,17914,20997,17606,15688,17554,20845,22852,20427,16813,14602,14508,16008,20670,24687,20646,19120,19042,23603,24370,23356,18517,17392,16834,17453,22873,27405,22051,20531,21682,24335,27007,25145,19086,17722,17086,16958,23035,27235,30801,20192,19186,24549,25963,24769,18958,17050,15957,17203,23972,25862,20937,18782,20704,20500,24052,22022,18957,16872,14753,16244,22470,23504,21714,19090,17340,21748,21949,19314,16943,15261,13957,13952,17940,20764,18157,16224,17351,19899,18749,18327,15598,13082,12810,13569,18221,19681,16501,15652,15083,18184,16412,15839,19314.93684,15886
Yes,,Simulated_annealing,Simulated_annealing,https://wikimedia.org/api/rest_v1/metrics/pageviews/per-article/en.wikipedia.org/all-access/user/Simulated_annealing/monthly/20150701/20230615,15247,14318,15561,18876,20018,27957,17671,18583,20932,20923,20270,17960,14850,14501,17059,21948,22360,20863,18710,18680,22892,21775,23291,18743,15985,15944,18759,22764,25298,20781,18776,19164,22902,23159,23469,18286,16498,15585,17893,23152,23037,20625,18633,18640,22075,20857,22321,17913,16211,15026,17522,22050,21902,20806,19158,19562,19885,22954,21039,20249,16254,14828,17055,22033,21987,22513,19333,19385,23774,20866,19316,17341,15853,13943,15542,19895,20786,19227,18433,21369,19576,19280,19650,16725,14161,13010,15376,18905,20726,19607,17444,20274,19913,16808,17529,19279.84211,17539.83333
Yes,,Bellman–Ford_algorithm,Bellman%E2%80%93Ford_algorithm,https://wikimedia.org/api/rest_v1/metrics/pageviews/per-article/en.wikipedia.org/all-access/user/Bellman%E2%80%93Ford_algorithm/monthly/20150701/20230615,10866,12150,14463,23689,26542,23022,15616,16899,21538,26348,24819,17399,12103,13151,16590,23704,30707,27407,17735,19665,22501,25417,24366,17426,12770,13157,18461,23305,31406,27001,18555,19600,22263,27840,24273,17571,13310,12695,15169,18749,22917,20522,14548,14918,18776,23596,22491,14959,11306,11474,15190,20981,26295,21364,14319,15996,15342,18876,20146,17445,13988,11295,13055,20323,22914,22875,18504,17331,22074,22556,19919,19152,16937,13978,13871,18592,22120,21010,16930,16061,18063,18838,19913,17393,11635,10511,13805,16260,21995,21168,15771,15487,17436,18699,16969,18727.75789,16427.41667
Yes,,LU_decomposition,LU_decomposition,https://wikimedia.org/api/rest_v1/metrics/pageviews/per-article/en.wikipedia.org/all-access/user/LU_decomposition/monthly/20150701/20230615,11093,10950,18335,23600,20505,16770,16285,21552,21401,19728,19675,13898,11062,13232,19887,27402,24450,18971,18374,24116,23179,20405,19578,14531,11697,13365,20231,27361,24053,18839,19273,22743,21803,22271,19855,14136,12219,13086,20207,26316,21299,17719,17570,21679,22133,19569,18469,13185,12007,12902,21366,27456,23257,18360,19126,22400,19266,20804,20748,16932,14170,13624,22417,28471,23644,19792,18518,21322,25066,20561,17630,15481,12562,12792,18719,23520,20961,17420,17790,20824,20572,18693,17331,13504,10472,11997,18137,22463,20058,15593,15479,17584,18537,15119,15431,18725.63158,16197.83333
Yes,,Floyd–Warshall_algorithm,Floyd%E2%80%93Warshall_algorithm,https://wikimedia.org/api/rest_v1/metrics/pageviews/per-article/en.wikipedia.org/all-access/user/Floyd%E2%80%93Warshall_algorithm/monthly/20150701/20230615,11315,13713,15183,20885,23923,22820,15513,16971,20404,25133,25055,17127,11861,13167,15511,23338,29884,26102,19173,19021,24566,28976,25837,16889,12718,12309,17177,22553,31203,25483,16825,16553,22064,28622,25900,16155,12715,12493,14295,21972,24818,23519,15150,14301,19218,22542,21005,14402,11136,11073,12456,17473,22308,20544,13882,14074,15545,18260,18655,16140,15066,11886,11994,17693,25724,22956,18630,14169,17058,19990,18416,14997,16394,13751,11711,15481,19583,19592,14923,12444,15214,17952,18558,14748,12314,10115,10838,14895,19932,30807,16166,12907,15259,15863,16076,18021.12632,15826.66667
Yes,,Simplex_algorithm,Simplex_algorithm,https://wikimedia.org/api/rest_v1/metrics/pageviews/per-article/en.wikipedia.org/all-access/user/Simplex_algorithm/monthly/20150701/20230615,12274,13305,19212,21469,19310,17225,55051,19017,18701,19173,18607,15729,14110,13639,17128,20760,20394,17543,18654,18354,20978,19563,20384,24545,14565,14094,16847,20694,20944,17792,32737,17478,19975,18352,19125,14515,16902,13568,16772,21592,19424,16160,16635,16959,20354,18353,17161,13628,11803,13522,16297,18246,18480,14961,16397,17069,17485,17292,20073,15712,12415,11439,16419,23705,20703,17693,17014,15910,21002,17812,15214,13929,12772,14119,15866,17953,19825,15383,14217,15201,16083,16362,14574,14209,10406,11149,14232,16777,17488,13743,13766,14155,15990,13173,13570,17382.69474,14054.83333
Yes,,Gram–Schmidt_process,Gram%E2%80%93Schmidt_process,https://wikimedia.org/api/rest_v1/metrics/pageviews/per-article/en.wikipedia.org/all-access/user/Gram%E2%80%93Schmidt_process/monthly/20150701/20230615,8069,8737,12935,16700,21531,18712,13175,14628,16554,20943,18815,11194,8314,9333,13757,18494,22393,20785,14960,15626,18928,21141,20648,13278,9788,11016,14788,19973,22513,20212,14428,14207,18584,22219,19579,12685,10658,11104,14415,19773,21942,19281,14430,14743,17394,20381,17720,11443,10034,11909,15467,20116,21951,20040,15033,16507,15729,20172,19784,15585,12068,12955,16587,21304,24220,20451,16221,17444,21288,23228,19030,15340,12019,12689,15363,20536,21995,19824,15492,17447,19986,20794,18657,14560,11101,12243,15838,20164,23354,18964,15980,17212,20932,21836,19687,16863.81053,17655.91667
Yes,,Rsync,Rsync,https://wikimedia.org/api/rest_v1/metrics/pageviews/per-article/en.wikipedia.org/all-access/user/Rsync/monthly/20150701/20230615,26646,24708,25384,25658,24169,23831,25870,25551,27360,27169,25154,24428,24439,25519,22764,21999,19977,19574,20786,21363,22734,19132,21368,20224,21540,22685,20383,21488,20034,17156,21171,19196,22207,20019,20910,19633,18498,16499,29226,15613,15298,14678,16353,14185,16023,15187,14363,12926,14221,12828,12054,13127,12282,11840,15353,13382,12572,13624,12247,12374,12076,11560,11219,12501,12934,12410,13146,12895,14995,12737,11122,11348,13653,12575,11953,13007,12066,10800,10980,10530,11256,10350,10895,10154,10261,10733,10696,11902,11683,10968,11345,10383,11598,9077,9592,16551.38947,10699.33333
Yes,,Lossless_compression,Lossless_compression,https://wikimedia.org/api/rest_v1/metrics/pageviews/per-article/en.wikipedia.org/all-access/user/Lossless_compression/monthly/20150701/20230615,16257,15892,18549,20918,18382,17840,19066,22677,21118,22424,23479,20001,17109,17105,19321,20252,20036,18924,19383,18879,22361,17997,22068,17815,16855,16191,18103,21093,21126,18132,19216,17723,20354,18580,18267,15441,14078,15339,17169,20666,19234,17929,18053,16644,18442,17556,17756,14645,13728,13933,15374,19054,17683,15998,15781,15454,16133,20333,19046,16618,14688,14284,15938,16661,14883,15835,15788,14011,16360,13858,15007,13521,13010,11538,12084,12269,12733,12069,13044,11437,11722,11422,11953,9815,9211,9602,10974,11831,11993,10028,10702,11138,11554,10367,10933,16187.82105,10679
Yes,,Symmetric-key_algorithm,Symmetric-key_algorithm,https://wikimedia.org/api/rest_v1/metrics/pageviews/per-article/en.wikipedia.org/all-access/user/Symmetric-key_algorithm/monthly/20150701/20230615,13741,13700,17056,17904,17644,18425,16521,19471,20944,20180,19288,15608,13395,15042,17294,18968,19527,17812,17942,19131,22295,19867,20827,16728,15229,15018,17476,21212,22444,19707,19726,20112,22823,21910,22160,17229,17069,16666,18809,21348,19919,18090,18330,17817,20057,19531,19209,14733,13454,13009,13765,15685,15629,14462,14705,15077,14668,17126,16517,14217,12062,11824,14131,17316,15969,15682,14832,13941,16735,14184,13937,12560,12709,12380,12661,14169,14163,13337,13371,13214,13920,13248,13288,11682,10540,9741,11305,12925,14558,11683,12006,10955,11756,10113,11725,16030.21053,11582.41667
Yes,,Bresenham's_line_algorithm,Bresenham%27s_line_algorithm,https://wikimedia.org/api/rest_v1/metrics/pageviews/per-article/en.wikipedia.org/all-access/user/Bresenham%27s_line_algorithm/monthly/20150701/20230615,18336,14801,15244,15587,13790,13563,15907,16663,16069,15606,14736,12669,12121,14480,15050,16071,16816,16555,25342,18033,17717,15762,17013,13261,13753,16293,16655,17846,19623,16309,18220,17251,18596,18042,21368,12823,14399,17103,16503,17274,17777,16479,16527,17903,19253,18811,16813,11567,12343,14561,16260,16905,16910,16452,16249,17091,16571,15153,16158,13489,12262,14175,20263,17297,15431,15821,16628,15542,18123,15606,14647,15025,14084,13819,16757,16171,14500,16856,14929,15705,16995,14156,14236,13409,12304,12762,15350,14942,16391,15017,14274,13955,16299,13472,13973,15870.50526,14345.66667
Yes,,Bisection_method,Bisection_method,https://wikimedia.org/api/rest_v1/metrics/pageviews/per-article/en.wikipedia.org/all-access/user/Bisection_method/monthly/20150701/20230615,8957,11644,20776,16659,15940,12249,17981,17580,17685,15749,14450,12377,8713,11937,20615,20334,19102,14304,17158,20390,20492,17825,16175,14674,11250,12588,18402,21244,19599,15642,18301,19708,20470,18986,17734,12333,11996,12668,17119,22059,17355,14759,16303,18348,17917,17730,15764,11628,10454,11130,18400,19773,18385,13611,15029,17993,15850,19283,18705,16949,11942,11595,18413,21441,20580,17307,16683,18952,20139,17270,16214,17163,14043,14133,16649,19805,16375,14450,14102,16236,15108,13865,13020,11083,8958,8934,12993,14061,13840,11244,11932,12909,13781,11506,11912,15767.04211,11929.41667
Yes,,Disjoint-set_data_structure,Disjoint-set_data_structure,https://wikimedia.org/api/rest_v1/metrics/pageviews/per-article/en.wikipedia.org/all-access/user/Disjoint-set_data_structure/monthly/20150701/20230615,9687,11489,11683,12485,14303,12531,9979,11652,13896,16085,14220,19157,9953,10346,12372,15277,17137,15863,13558,14793,16169,15151,14913,13305,10329,10528,12999,16920,17678,15847,12887,13817,17161,16405,15571,12861,11965,13162,14841,18920,16989,15841,14009,13832,16244,16034,15283,12232,11497,11469,13573,15671,16614,15687,13649,14359,14955,17916,18386,14992,14221,15413,15240,18424,18565,19115,17558,17801,20593,17796,15922,16327,16361,17516,15437,17015,18987,16995,16296,16242,17259,18292,17160,14975,16390,13673,14502,15228,16708,14563,14583,13003,15226,13916,14015,15036.25263,14731.83333
Yes,,Association_rule_learning,Association_rule_learning,https://wikimedia.org/api/rest_v1/metrics/pageviews/per-article/en.wikipedia.org/all-access/user/Association_rule_learning/monthly/20150701/20230615,11616,24934,13475,16514,16704,16181,15307,15620,18018,19457,18891,15882,12581,13826,15603,18436,20502,16606,15889,16536,20309,19567,19953,14973,14135,14047,15339,19066,20639,17030,17383,16411,19457,22261,21154,17851,15918,15089,16311,20597,20592,21801,16989,16571,19307,19452,18253,13517,12763,12156,13811,16444,16761,13432,14000,14165,13495,17065,16023,13615,11146,10746,13166,16754,16989,15743,13113,12172,14716,14704,12925,12197,11213,9649,10927,12557,13843,13249,11345,11026,11833,12663,11612,9311,7647,7434,8720,9745,10509,9034,8003,7632,8461,7293,7893,14802.63158,8473.5
Yes,,Integer_factorization,Integer_factorization,https://wikimedia.org/api/rest_v1/metrics/pageviews/per-article/en.wikipedia.org/all-access/user/Integer_factorization/monthly/20150701/20230615,10319,11084,13558,16088,16000,19240,14452,13922,15696,14727,14065,11617,10616,12880,14729,15181,17042,13762,15634,14648,16223,14581,14809,12363,12120,13263,15103,17060,16789,15243,15326,13885,14955,13453,12534,11327,11593,13639,15499,16456,14285,12965,13392,12232,14143,14232,13377,10762,11296,12310,17334,20226,16753,14015,14934,13733,15424,17398,15626,13900,12778,13916,16950,19296,17532,17195,16389,14625,19118,16372,14882,12893,12454,12105,14290,16270,17410,14700,13920,12471,13491,12902,12846,12205,11120,11605,13402,14100,13415,11764,11900,9691,11250,10206,10053,14161.41053,11725.91667
Yes,,Metropolis–Hastings_algorithm,Metropolis%E2%80%93Hastings_algorithm,https://wikimedia.org/api/rest_v1/metrics/pageviews/per-article/en.wikipedia.org/all-access/user/Metropolis%E2%80%93Hastings_algorithm/monthly/20150701/20230615,8559,8009,8980,11294,13030,11264,10020,11592,13923,14531,13148,10601,9145,9146,9931,13623,14900,13321,12285,12651,15573,14284,13973,12063,9955,9786,10076,14045,15787,13145,12179,12671,15939,16131,15784,12372,11380,10268,10795,14977,16504,14286,12712,13424,16576,16672,15393,12343,11161,10228,11922,16926,17717,15257,13747,15687,15818,17863,16591,13780,12435,10485,11712,15478,16389,14766,13418,15986,19180,17317,16155,13997,11844,9858,11165,15216,15185,12915,12579,14478,16128,16533,15882,13301,11343,10655,11600,15270,17400,13950,13355,14251,17074,16386,15587,13526.48421,14181
Yes,,Viterbi_algorithm,Viterbi_algorithm,https://wikimedia.org/api/rest_v1/metrics/pageviews/per-article/en.wikipedia.org/all-access/user/Viterbi_algorithm/monthly/20150701/20230615,11610,10284,11924,15701,18848,16846,13142,14515,16388,17268,16613,13490,10975,10576,12953,16456,19857,17094,13759,15505,17705,21025,17960,14274,12593,11913,12964,17562,23045,16598,14365,13879,16862,18786,16962,13316,11414,11174,12285,16480,18661,15175,13644,13757,16454,17536,14800,11508,9834,8924,10689,15118,17963,13819,12321,13178,13049,14381,13081,11548,9762,8337,9861,14003,15379,13459,11727,11883,14943,14558,12043,11128,10412,7940,8748,11588,14044,11634,10504,11071,12625,12574,12532,10146,7952,7466,9415,11899,14957,12517,10052,11181,12592,11228,12560,13506.58947,10997.08333
Yes,,Backtracking,Backtracking,https://wikimedia.org/api/rest_v1/metrics/pageviews/per-article/en.wikipedia.org/all-access/user/Backtracking/monthly/20150701/20230615,10739,12109,12880,15583,16069,15047,12528,12742,15273,17181,16831,12385,10429,11444,13158,17284,19048,16188,14756,13755,17466,20016,18007,13054,11816,11571,15612,18768,20464,16274,14055,12961,17610,21133,18649,13209,12297,11866,14325,17344,19000,15511,12931,12929,15658,16450,14082,10336,8971,9528,11483,13476,13472,12025,11770,12106,12345,13952,14768,11960,10019,9887,11759,15463,15664,17460,14811,12943,14259,13282,13057,11686,13053,11291,11001,12876,12552,12599,12313,11365,11672,11436,13688,10614,9696,8959,9484,11363,12068,10720,10291,8854,9486,8951,9591,13462.02105,10006.41667
Yes,,Fisher–Yates_shuffle,Fisher%E2%80%93Yates_shuffle,https://wikimedia.org/api/rest_v1/metrics/pageviews/per-article/en.wikipedia.org/all-access/user/Fisher%E2%80%93Yates_shuffle/monthly/20150701/20230615,10904,10957,11771,15935,15454,13330,13453,13284,13336,12885,12169,10090,9838,11779,13636,14350,14498,12054,16055,12175,14140,25791,13077,11254,11308,12884,12687,15111,15427,11994,12150,12360,15302,16529,12978,11531,11168,12292,15087,15919,14001,12902,14295,15774,13879,12592,12748,10149,11065,10152,11536,14637,13197,11201,12752,13211,13567,16512,14894,12222,12032,11265,13861,14996,13720,12771,13143,12365,15371,14103,13326,12274,12497,11422,12675,14691,16632,11644,12707,14153,16991,13485,12648,12571,11721,11679,12494,14216,18379,13451,12545,12519,14229,14454,11869,13338.17895,13343.91667
Yes,,Triple_DES,Triple_DES,https://wikimedia.org/api/rest_v1/metrics/pageviews/per-article/en.wikipedia.org/all-access/user/Triple_DES/monthly/20150701/20230615,12437,12471,13768,16423,15296,13676,14059,16446,16752,15792,15507,13754,11971,14272,15412,17401,16454,14998,15898,16427,18808,16667,17061,14485,13421,14332,15184,17776,17595,14313,14970,15078,16838,16314,15920,13326,13039,13074,13029,14928,13771,12834,13571,13842,14700,14413,13869,11452,11354,11044,11843,14210,13821,11508,12103,13161,13063,14181,13021,11735,10860,9803,11700,14217,12795,11621,11253,11050,13892,11649,11922,11233,10280,10047,10590,11439,11596,9906,9698,11056,11369,10201,10604,9590,7687,8460,9064,9790,10262,8179,8703,8041,9236,7793,8724,12938.71579,8794.083333
Yes,,Conjugate_gradient_method,Conjugate_gradient_method,https://wikimedia.org/api/rest_v1/metrics/pageviews/per-article/en.wikipedia.org/all-access/user/Conjugate_gradient_method/monthly/20150701/20230615,10418,9643,10268,13247,14312,13088,12511,13215,14476,15290,14327,12306,10027,10327,11440,13661,16438,13653,12669,13319,16391,15556,14694,12377,10919,10653,11394,14439,16662,13198,13619,12700,15650,15762,15212,11874,11226,10387,11696,14198,15656,13528,12507,12403,14683,14863,13206,10586,10194,9431,10889,14006,14256,11780,11757,12740,12580,13645,13618,11747,10022,9077,10164,12766,13636,12873,12187,11537,14605,13484,12508,11295,9628,8063,9715,12049,12592,11867,11086,11130,12188,11570,12286,10434,8867,8374,9687,11847,13239,12011,10668,11357,14028,12051,12929,12411.96842,11291
Yes,,RC4,RC4,https://wikimedia.org/api/rest_v1/metrics/pageviews/per-article/en.wikipedia.org/all-access/user/RC4/monthly/20150701/20230615,18887,14912,18351,18108,18674,16725,17588,18503,20232,18344,17622,14562,13042,14398,14991,16930,15670,13902,14627,15308,17964,15543,15634,12950,11250,12076,13223,15167,15734,12651,14128,14153,15270,15058,13810,11966,11268,11374,12961,13238,12646,11741,12787,12009,13784,13268,12267,10071,9514,9925,10973,12449,11572,10589,10308,10587,10451,12479,9903,9949,8557,7651,9804,13279,11065,10003,10443,10432,12340,10413,9475,8647,8101,7410,8589,9646,8717,7722,8650,8609,9479,8585,7816,7416,8069,7297,8457,9789,9874,7684,8629,7889,9232,8229,8035,12106.30526,8383.333333
Yes,,Knuth–Morris–Pratt_algorithm,Knuth%E2%80%93Morris%E2%80%93Pratt_algorithm,https://wikimedia.org/api/rest_v1/metrics/pageviews/per-article/en.wikipedia.org/all-access/user/Knuth%E2%80%93Morris%E2%80%93Pratt_algorithm/monthly/20150701/20230615,11044,10817,12763,15628,16622,14560,13449,12959,16075,18110,15011,12201,11100,12966,14946,16532,19879,15578,14710,13415,16063,15810,14812,12778,11757,11655,11869,14620,16193,13889,12743,11260,14042,14941,13613,10902,10458,10401,11753,13712,13548,15621,11582,9591,12277,12135,10548,9465,9325,9977,10886,13963,12559,11515,10427,10118,11659,11463,11294,10413,9306,10179,11172,10571,11172,11457,10814,9605,11465,11780,9839,9017,10583,9402,10332,11379,11129,10981,11088,10373,10484,11109,10622,10458,9384,9519,11777,10899,11456,10010,9953,8588,10474,9486,9810,12059.73684,10151.16667
Yes,,Extended_Euclidean_algorithm,Extended_Euclidean_algorithm,https://wikimedia.org/api/rest_v1/metrics/pageviews/per-article/en.wikipedia.org/all-access/user/Extended_Euclidean_algorithm/monthly/20150701/20230615,6900,6931,11408,14377,15588,11534,9943,12473,13307,12502,11258,9207,6578,7806,10837,14528,14570,11448,10737,11797,14203,11829,10395,7980,7874,7788,11648,15568,14749,12515,11426,12158,13540,12385,10428,7867,8742,8714,12361,16421,14730,11707,11422,11721,14959,14062,10183,7857,8405,7891,12114,17881,15862,13677,12107,12348,14338,13548,11783,9702,8986,8582,12046,17700,15507,21915,12197,12622,16680,15621,12151,10343,8978,8456,11974,17588,14366,11989,11594,11451,15640,12661,10929,8461,7939,7671,11751,15583,14200,11491,10885,11419,14044,11604,9998,11933.04211,11253.83333
Yes,,Elliptic_Curve_Digital_Signature_Algorithm,Elliptic_Curve_Digital_Signature_Algorithm,https://wikimedia.org/api/rest_v1/metrics/pageviews/per-article/en.wikipedia.org/all-access/user/Elliptic_Curve_Digital_Signature_Algorithm/monthly/20150701/20230615,5159,4942,5812,6676,6293,6663,7483,6799,8117,6510,7153,7984,6146,6712,6691,7423,7836,7729,8038,7518,8792,7779,8973,9026,9339,9848,9656,11931,15360,16179,15000,13234,14696,12537,12637,11716,11632,11256,10784,11980,12075,10003,11001,10603,11261,11602,11401,10136,10342,9783,10190,12047,11999,10004,12211,10602,10762,11849,12207,10870,9992,9363,10097,11486,12760,11112,13105,13553,17718,15872,16760,15996,14469,13925,14718,15564,16529,14999,15554,14493,16705,21164,17189,13918,12537,13205,13202,13599,15903,13282,14196,13024,16009,14371,14835,11496.74737,14006.75
Yes,,In-place_algorithm,In-place_algorithm,https://wikimedia.org/api/rest_v1/metrics/pageviews/per-article/en.wikipedia.org/all-access/user/In-place_algorithm/monthly/20150701/20230615,3067,3374,4328,5293,4876,4021,4015,4400,5108,4495,4848,3722,3198,3846,4624,5627,5342,4546,4577,4880,5327,4633,5580,4664,5000,5396,5832,8550,8620,7784,9941,9103,10656,9607,9165,8087,8749,8995,10883,11861,9993,9698,10829,10755,12717,11947,10517,9884,10254,10417,12015,11933,10747,10280,12101,12036,12614,13729,13883,15929,13015,13896,15118,13999,13612,13114,14292,13133,16212,15963,15313,15812,16308,19037,16284,17762,16505,15744,18756,18383,18137,19307,17632,18542,17366,18557,16431,17483,18557,18028,22200,20024,22172,20765,26276,11396.13684,19700.08333
Yes,,Levenberg–Marquardt_algorithm,Levenberg%E2%80%93Marquardt_algorithm,https://wikimedia.org/api/rest_v1/metrics/pageviews/per-article/en.wikipedia.org/all-access/user/Levenberg%E2%80%93Marquardt_algorithm/monthly/20150701/20230615,9892,9333,10138,11743,11601,10333,10879,11652,12955,12658,12832,12461,10541,10359,10473,11806,13288,11595,11716,12158,13956,12522,13514,12284,10710,10703,10641,12554,13325,12331,11977,11137,13003,13452,13865,11708,11066,10453,10460,12434,12068,10778,11302,11167,12714,12675,11980,10420,10466,9469,9841,11804,11020,9791,10472,10649,11443,12709,12268,11039,9916,9012,9760,11188,10979,10133,10674,10087,12142,11069,11356,10193,9215,8699,8740,9798,10894,9529,9477,9538,10983,10067,10767,9795,9030,9697,8959,10331,11063,9222,9768,10061,11402,10088,10710,11041.31579,10010.5
Yes,,Blowfish_(cipher),Blowfish_%28cipher%29,https://wikimedia.org/api/rest_v1/metrics/pageviews/per-article/en.wikipedia.org/all-access/user/Blowfish_%28cipher%29/monthly/20150701/20230615,13425,15058,15408,15534,15668,14294,15249,16535,16751,15387,14580,13045,12589,15286,14581,14268,14958,13459,13686,14768,16567,13396,13779,11995,11961,13133,12289,14404,14362,12046,13588,13409,14393,14096,13872,11212,11526,12066,10616,11457,11272,10529,10535,11015,11730,11314,10465,8775,8701,8673,9441,10117,9707,8968,9977,10475,9984,11224,10362,9150,7854,7957,8550,9734,10099,9921,9246,9234,10142,9208,8849,7566,10731,6911,7516,8224,8260,7723,7390,7514,7554,7299,10791,6937,6550,6948,7201,8040,8451,6911,7568,6807,7795,6654,7249,10973.62105,7259.25
Yes,,Division_algorithm,Division_algorithm,https://wikimedia.org/api/rest_v1/metrics/pageviews/per-article/en.wikipedia.org/all-access/user/Division_algorithm/monthly/20150701/20230615,7422,7701,10341,12170,11334,10082,9791,11005,11643,10933,10342,8126,7434,8799,12202,12475,14447,9862,9880,11231,13489,10892,10054,8639,8036,8417,11579,12680,13040,9165,10151,10332,12472,11113,10666,8868,8806,8880,10731,12682,11330,8984,9394,9957,11109,10773,10007,8108,8510,8790,11561,14535,13245,9986,10601,11534,11574,12631,11557,9762,10117,9372,12826,15429,15748,12384,11781,11581,13194,12695,11236,9862,10836,9788,10827,12100,11755,10096,9621,9387,9526,8519,8630,7199,7112,6912,8423,9156,9323,12254,8578,8853,10537,8446,7422,10456.68421,8684.583333
Yes,,Hungarian_algorithm,Hungarian_algorithm,https://wikimedia.org/api/rest_v1/metrics/pageviews/per-article/en.wikipedia.org/all-access/user/Hungarian_algorithm/monthly/20150701/20230615,6439,6413,7362,9046,8973,8514,7971,8024,10122,11843,10120,8098,6652,7128,8137,10619,9935,8636,8658,9215,11562,10774,11147,8618,7353,7747,8801,11578,11429,10246,10099,9102,10590,11421,11527,9540,8814,10769,8978,11770,11781,11138,10562,9859,12572,12325,12897,9547,10808,9830,10783,12727,12922,10798,11030,10870,10928,12165,13271,11611,9994,9607,10527,12327,12338,11738,11204,10044,13810,12268,12866,11193,11166,9458,9593,13007,11713,10343,9963,10427,12465,11818,11936,10718,9800,9357,9579,10631,12351,9977,10024,10330,11862,11226,11616,10415.47368,10622.58333
Yes,,Block_cipher,Block_cipher,https://wikimedia.org/api/rest_v1/metrics/pageviews/per-article/en.wikipedia.org/all-access/user/Block_cipher/monthly/20150701/20230615,8409,9611,11442,12676,12564,11571,11854,12427,13903,13692,12246,9624,8863,9990,11140,12080,12685,11705,11687,12398,14360,12060,12477,10237,9847,10263,11340,14430,13742,12307,12350,12839,12466,12546,11511,9168,9338,10273,10672,12124,11489,11199,11278,11108,11995,11561,10665,8962,8435,8700,10362,11274,10220,9693,9779,10692,9848,11737,10279,9080,7932,7638,9628,12700,11230,10964,9655,10117,11573,9691,9732,8713,8002,7891,8730,10108,9540,8579,8999,9287,10226,9043,9041,7439,6523,6531,8422,8727,8950,7531,7127,7649,7665,6471,7528,10345.84211,7546.916667
Yes,,Page_replacement_algorithm,Page_replacement_algorithm,https://wikimedia.org/api/rest_v1/metrics/pageviews/per-article/en.wikipedia.org/all-access/user/Page_replacement_algorithm/monthly/20150701/20230615,7935,8700,10590,14193,15739,15226,9925,11502,14890,16197,15625,11144,7833,8592,10613,15462,19824,14674,10738,10702,16046,18096,14980,9347,6732,6905,9335,15044,17202,12955,9132,8394,14994,18404,14196,9652,6962,6821,8508,13450,16075,13646,8611,8093,11792,15923,13771,7612,5526,5586,7510,10611,12774,11227,7486,7252,8626,16133,10940,9646,6773,6173,7364,10275,12335,14540,10934,8319,10485,10478,8850,9452,10142,7504,6179,7515,9984,11526,8256,8081,7210,9080,8317,7293,5553,4244,4052,5505,7529,6718,5622,4350,4641,5379,5185,10230.96842,5505.916667
Yes,,Branch_and_bound,Branch_and_bound,https://wikimedia.org/api/rest_v1/metrics/pageviews/per-article/en.wikipedia.org/all-access/user/Branch_and_bound/monthly/20150701/20230615,6937,7663,8118,10437,11710,12200,8650,8206,10434,12786,14030,9625,6612,7055,7911,10844,14084,12700,10052,8861,11447,13521,14442,9347,7221,6815,9685,11646,15106,12805,10740,8356,10928,14216,14748,9472,7252,6977,7913,11180,13912,13361,9738,8400,9951,11488,11519,7632,6416,5839,8053,10405,13563,11589,10111,9373,9527,12038,12872,11277,7421,6778,8453,12081,13014,13426,11392,8965,11579,11520,12205,11313,11350,9417,8610,10225,12095,11228,9404,9175,8900,9923,10827,10127,7317,6643,6970,8715,12035,12233,10143,8068,9096,9549,10419,10214.86316,9276.25
Yes,,Exponential_backoff,Exponential_backoff,https://wikimedia.org/api/rest_v1/metrics/pageviews/per-article/en.wikipedia.org/all-access/user/Exponential_backoff/monthly/20150701/20230615,6186,6088,6971,8332,6610,6425,6203,6672,7277,7337,7373,6446,5465,6436,6327,7265,7721,10861,6623,7369,8731,11595,8636,7016,6398,6932,7113,8274,8632,7762,8670,7842,8942,9137,9849,7879,7669,8398,7958,9696,9047,8632,8505,8477,9746,10005,9381,8144,8292,10046,9091,9888,10052,9053,28383,9257,10600,11955,10246,9991,8940,8291,10120,11177,10975,11336,11142,10673,12869,12819,10847,11792,10355,10091,12512,11092,11254,10931,10658,12115,12406,12338,12534,11882,10192,11457,11014,11391,11715,10016,11399,12419,14750,12648,14093,9643.684211,11914.66667
Yes,,Automatic_differentiation,Automatic_differentiation,https://wikimedia.org/api/rest_v1/metrics/pageviews/per-article/en.wikipedia.org/all-access/user/Automatic_differentiation/monthly/20150701/20230615,4214,4171,4492,5120,8027,4864,6118,5198,6032,5865,5737,5771,5433,5612,7245,6758,7606,7411,12862,7337,7826,7526,27409,7264,6963,7164,7206,8363,10123,8224,9378,9314,9985,10695,10357,8487,8639,8386,8138,9814,9841,9286,9865,9748,11148,10120,10387,9618,9381,9501,10477,11580,10613,9226,10666,10422,10100,11994,10744,9446,9363,8735,10652,11373,10902,10663,11819,11243,12548,11134,11250,9554,9013,8704,9149,11039,10182,9528,9779,11878,11846,11041,11518,10224,9907,9548,9855,12063,11838,9631,11763,11647,13166,12922,12209,9462.978947,11231.08333
Yes,,Linear_search,Linear_search,https://wikimedia.org/api/rest_v1/metrics/pageviews/per-article/en.wikipedia.org/all-access/user/Linear_search/monthly/20150701/20230615,5394,6974,9180,11773,10650,8474,8345,9341,9952,10480,8461,6363,7506,7763,10812,11754,13319,10422,10355,11516,13284,11369,11471,8210,7959,8810,11375,13629,14210,11426,11714,11180,12735,12684,12403,7587,8779,10163,12049,16036,12428,10260,9943,9229,10053,11022,8349,5770,6918,8141,9718,10386,11657,8483,8351,8138,8166,8288,7639,7197,7113,8902,10860,11766,12216,11924,10289,10956,12978,10218,8984,8332,10926,10733,10826,10320,10115,9216,9395,8573,10028,8303,6972,5718,5759,5883,6860,6806,7087,6347,6521,5318,5796,4656,4460,9444.2,5934.25
Yes,,Apriori_algorithm,Apriori_algorithm,https://wikimedia.org/api/rest_v1/metrics/pageviews/per-article/en.wikipedia.org/all-access/user/Apriori_algorithm/monthly/20150701/20230615,7491,8124,9432,11666,11182,10544,9733,11041,13162,12778,11819,8561,7335,8539,10137,12852,14357,10663,10257,11310,14873,14249,13223,9225,8685,9443,10755,12513,13914,11114,10495,11051,12958,14307,12453,8755,8292,9210,10199,12536,11751,10577,9213,8874,11821,13710,11001,7443,6859,7364,9761,10944,13154,9756,8815,9530,9158,10138,9619,9190,6790,6189,9481,10998,11660,12157,9526,8465,11248,10401,9127,8587,8947,6926,7891,8623,8937,7966,7391,5323,3,1,128,6295,4623,4315,5636,6652,7923,6798,5583,4897,5651,5210,6086,9308.894737,5805.75
Yes,,Flood_fill,Flood_fill,https://wikimedia.org/api/rest_v1/metrics/pageviews/per-article/en.wikipedia.org/all-access/user/Flood_fill/monthly/20150701/20230615,7423,8006,9446,13222,11416,9791,9271,10565,11012,10658,10221,8964,7498,8472,9427,12336,12465,9737,10525,10394,12410,12036,11224,9147,7599,8189,9720,10130,11719,9776,9206,8954,11366,11988,10622,9174,10107,8668,8771,10892,10206,9208,8646,9197,12768,10936,10238,8500,7929,6932,7500,9959,9532,8040,7880,8417,9208,9904,10520,8000,7863,7483,7962,9571,9563,9160,8453,7623,10228,8684,8794,7899,8338,7279,7354,8917,8877,12048,7910,7837,9491,7637,8246,6770,6422,6637,7131,7823,8910,11102,7934,6957,7846,7849,10528,9254.663158,7992.416667
Yes,,Evolutionary_algorithm,Evolutionary_algorithm,https://wikimedia.org/api/rest_v1/metrics/pageviews/per-article/en.wikipedia.org/all-access/user/Evolutionary_algorithm/monthly/20150701/20230615,9690,8024,8306,9802,9364,8792,9898,9363,10683,10960,11185,9440,8198,8147,8990,11275,11195,10971,10694,10196,12255,11589,11282,9232,8903,9166,9560,11270,11935,10499,11092,10437,11819,11796,12042,9980,10617,9330,9252,10106,10318,9872,9973,9793,11034,10186,11028,8608,7915,7786,8454,9673,9631,8553,9166,8558,8452,9953,9521,8496,7691,6751,7474,8661,8864,8571,8542,7938,9224,9149,8549,8016,7315,6569,7080,8039,9028,8867,7736,6969,8207,7564,9470,8116,6116,6015,7114,7924,8260,8143,8359,8351,7782,7089,7788,9175.115789,7588.083333
Yes,,Multiplication_algorithm,Multiplication_algorithm,https://wikimedia.org/api/rest_v1/metrics/pageviews/per-article/en.wikipedia.org/all-access/user/Multiplication_algorithm/monthly/20150701/20230615,7636,7027,9535,11214,9552,7961,12755,9786,9915,9627,8992,7580,6619,7663,11274,10942,10032,8342,9372,11642,10851,9259,9262,7980,7283,7756,9916,12251,12014,8493,10572,10304,10634,9609,9243,7347,7460,7852,10679,11768,10374,9149,9518,8993,11704,12512,9281,7075,6487,7426,10105,13235,10595,8175,9284,10147,9389,10343,8293,7161,7071,8020,10590,12467,11748,10290,9659,10328,11609,9117,8021,7258,7674,7934,10065,10777,10326,8699,9837,9703,11184,7685,6519,5722,5605,6016,7462,8158,8216,6283,6809,6426,7577,6274,6380,9102.673684,6744
Yes,,Stream_cipher,Stream_cipher,https://wikimedia.org/api/rest_v1/metrics/pageviews/per-article/en.wikipedia.org/all-access/user/Stream_cipher/monthly/20150701/20230615,7771,7947,9765,11354,10328,9056,9812,10450,11485,10945,10214,8450,7378,8278,9395,10918,10794,9305,10606,10707,11346,10056,10824,8774,8258,8452,9195,12009,10702,9896,10778,10577,11181,10723,10170,8228,7506,7725,9733,10465,9734,8960,9394,10208,10429,10047,9845,7800,7253,7318,8927,10753,9917,9308,9507,10135,9585,10503,9936,8466,7685,7578,8959,11390,9507,9743,8793,8862,11352,9401,8550,8573,7227,7141,8497,9082,7904,7515,7848,7338,9214,7583,7447,6087,5701,5633,7349,8565,7546,6466,7247,6745,7103,5890,6041,9022.557895,6697.75
Yes,,Boosting_(machine_learning),Boosting_%28machine_learning%29,https://wikimedia.org/api/rest_v1/metrics/pageviews/per-article/en.wikipedia.org/all-access/user/Boosting_%28machine_learning%29/monthly/20150701/20230615,5947,5920,6474,7517,8313,7563,7642,8260,8741,9043,8354,7343,6550,6921,8042,9523,10211,8582,9283,9584,11044,10162,10726,9788,8718,8605,8708,10597,11679,9951,9787,9084,10814,11274,11302,9829,9776,9511,8921,11410,11490,12462,10561,10471,12208,11548,11588,9245,9551,8398,8858,11102,11093,9164,9399,9248,8773,9394,9251,8368,7792,7420,8527,10125,10489,9879,14376,9248,10602,9998,9406,8602,8899,8030,7740,8545,9115,8051,7840,7853,8320,7934,8473,7731,6267,6333,6724,7296,8130,6570,6161,5463,6454,5726,6205,8947.315789,6588.333333
Yes,,Nearest_neighbor_search,Nearest_neighbor_search,https://wikimedia.org/api/rest_v1/metrics/pageviews/per-article/en.wikipedia.org/all-access/user/Nearest_neighbor_search/monthly/20150701/20230615,7816,7973,8427,10234,9997,9991,9588,10143,10339,11056,10202,8594,7885,8483,9185,10693,10940,9245,9253,9468,11124,9787,10649,9649,8283,7773,8478,10424,10304,8333,9317,9030,10164,9872,9581,7866,7642,7684,8230,9803,9577,8981,8869,8631,10689,10477,10253,8456,8325,7782,9178,10902,10772,8891,9219,9197,9794,10922,9920,9754,7915,7467,7968,9289,9736,8648,8630,8146,10160,9268,8992,8682,8196,8015,8101,8781,8384,8443,7899,7467,7991,7988,7740,7425,6241,6253,6510,7619,7493,6858,6733,7535,8914,7455,8019,8895.315789,7254.583333
Yes,,Knight's_tour,Knight%27s_tour,https://wikimedia.org/api/rest_v1/metrics/pageviews/per-article/en.wikipedia.org/all-access/user/Knight%27s_tour/monthly/20150701/20230615,7335,7455,8520,9010,9255,11383,8469,9994,10266,8731,8786,6707,7626,7871,8615,9281,10633,9271,8836,8841,10576,11201,8577,8509,6364,6196,7885,9637,9422,8533,9384,8179,9290,9168,9391,7118,7038,8148,7571,9240,10339,7839,7792,7702,12449,10951,7075,6474,6325,6865,6825,9418,8756,8260,9059,7826,8486,10143,9145,8208,7172,7829,8158,9928,12386,11972,11046,10009,12689,10775,10128,7710,7668,7556,8251,9164,9053,8502,8745,8674,9528,9097,9339,8018,7760,7629,9310,10731,9883,7769,10304,7721,9552,10892,8264,8857.484211,8986.083333
Yes,,Karatsuba_algorithm,Karatsuba_algorithm,https://wikimedia.org/api/rest_v1/metrics/pageviews/per-article/en.wikipedia.org/all-access/user/Karatsuba_algorithm/monthly/20150701/20230615,5548,5199,6590,8774,7243,5952,6773,7478,7838,7894,6219,5474,5474,6612,8704,8682,9410,6835,7863,9406,8615,7732,7033,6129,6199,6485,8362,9487,9107,7407,9013,8764,8963,8258,7576,5428,4620,5357,7677,8814,8483,6391,7821,9714,10786,15247,9951,6317,5617,6246,10094,40648,10409,8751,9494,10659,8762,9842,7681,7212,8077,7286,9986,9862,9938,7446,8027,9444,10515,8822,7510,6549,5540,11584,14865,11150,11434,7519,8129,9010,9425,8347,8217,7222,6561,9934,13976,12004,11037,8865,12514,11031,10385,13102,8314,8828.905263,10412.08333
Yes,,Long_division,Long_division,https://wikimedia.org/api/rest_v1/metrics/pageviews/per-article/en.wikipedia.org/all-access/user/Long_division/monthly/20150701/20230615,6754,7646,10434,10520,9252,7094,9297,9060,7906,7162,7167,5894,5131,6613,9353,10001,10334,7893,10349,9079,10653,7891,8883,7373,6446,7867,10673,12035,11630,8503,11400,9900,10562,9331,9136,6974,7007,8673,10894,13018,10834,8225,10448,9271,9969,8564,8355,6406,6944,7886,10469,12599,12081,8865,11220,8891,9973,10687,9035,8186,7417,8507,11602,12697,11717,9308,11146,10477,10687,8520,8006,6820,5832,7027,8966,9261,8708,7575,8954,7682,7742,6512,6568,5716,4681,6342,7386,11496,8161,6100,7486,6665,9174,6287,6552,8762.873684,7170.5
Yes,,Distance-vector_routing_protocol,Distance-vector_routing_protocol,https://wikimedia.org/api/rest_v1/metrics/pageviews/per-article/en.wikipedia.org/all-access/user/Distance-vector_routing_protocol/monthly/20150701/20230615,6855,7740,8650,12006,15493,12035,9970,11025,13864,14492,14035,10390,6794,7583,9640,12264,17333,14444,10674,11681,14626,15846,14669,9675,6762,7334,9623,14242,17254,12845,9713,10294,13992,15475,13818,8057,6291,7074,9313,12593,13291,11426,8411,8767,11976,12311,11779,7583,5765,5800,7226,9912,12347,9552,7361,7834,8646,10592,10783,9932,5824,5064,7914,11393,12114,13689,9757,9388,11661,10158,9675,9196,2757,2257,2221,3076,5440,6916,5288,2750,2219,2488,2529,2657,1684,1566,1606,2076,2258,1904,1753,1506,3594,4252,5405,8755.715789,2521.75
Yes,,Time-based_one-time_password,Time-based_one-time_password,https://wikimedia.org/api/rest_v1/metrics/pageviews/per-article/en.wikipedia.org/all-access/user/Time-based_one-time_password/monthly/20150701/20230615,,,,,,,,,,,,,,,,,,,,,,,,,,,,,,,,,,,,,,,,,,,,,,,,,,,,,,,,,,,,,,,,,,,,,,,,,,,,,,,3712,7513,8821,7862,9319,7543,6829,8880,8897,10849,9859,8143,9858,10079,10767,9078,9558,8680.411765,9195
Yes,,Hill_climbing,Hill_climbing,https://wikimedia.org/api/rest_v1/metrics/pageviews/per-article/en.wikipedia.org/all-access/user/Hill_climbing/monthly/20150701/20230615,7580,8425,9577,12158,10690,11116,9601,10745,12420,10662,12116,9845,6666,8214,10091,12092,12477,12357,11370,11105,13526,13099,12653,8363,7120,8296,11170,12625,12846,10629,9677,9517,11688,10523,10670,7469,6682,6972,9418,11547,10266,9095,8482,9047,10732,9629,9218,6726,5356,5703,6920,9181,8200,8966,7129,9596,8233,8496,8436,7828,6350,6307,8404,10705,9264,8936,8153,9011,10853,8909,8395,6638,6008,5656,6925,8265,8309,7294,7001,7407,7920,7174,7000,5110,3841,3560,5018,6612,6370,6489,5479,5194,5677,4544,4788,8680.021053,5223.5
Yes,,Ford–Fulkerson_algorithm,Ford%E2%80%93Fulkerson_algorithm,https://wikimedia.org/api/rest_v1/metrics/pageviews/per-article/en.wikipedia.org/all-access/user/Ford%E2%80%93Fulkerson_algorithm/monthly/20150701/20230615,4829,4452,6009,9965,13498,12017,7113,6870,11003,12625,13133,8465,4574,4672,5844,11080,13968,12913,8929,7516,12727,12459,11210,8623,5645,4609,5803,10856,13603,11333,7695,6369,10167,12132,10418,7495,4803,4632,8729,10933,13682,12072,7702,6601,8701,11643,9412,6594,4473,3865,5122,9601,12861,10187,6480,6151,7171,11178,9761,6805,5299,4450,5486,9772,13639,12641,8122,6404,10793,11429,9850,7231,5443,4815,4963,8880,11437,10271,6974,6294,8696,9551,9363,7159,4751,4260,4717,9147,12176,10558,7549,6568,8859,9146,8084,8574.263158,7747.833333
Yes,,Grover's_algorithm,Grover%27s_algorithm,https://wikimedia.org/api/rest_v1/metrics/pageviews/per-article/en.wikipedia.org/all-access/user/Grover%27s_algorithm/monthly/20150701/20230615,3459,5897,3898,4917,4662,5860,3987,3993,5383,5506,10349,4835,4496,6003,4562,5971,6048,5103,5203,5360,7156,6825,7371,6081,5808,5682,7726,8092,9110,8565,8982,11392,9452,8504,8542,8457,9182,6880,6795,8517,8816,9091,10366,9179,10234,8998,8966,7245,6637,7218,12164,14566,12183,10446,10028,8948,9524,9819,9673,9113,7906,7268,7570,8887,10255,10344,9164,9818,12544,13248,11554,9738,8985,7708,8080,9075,11388,9946,9254,9253,9506,10376,10382,9254,9191,7990,7930,9852,11476,10028,9608,9069,12297,10630,11113,8405.389474,9869.833333
Yes,,Strassen_algorithm,Strassen_algorithm,https://wikimedia.org/api/rest_v1/metrics/pageviews/per-article/en.wikipedia.org/all-access/user/Strassen_algorithm/monthly/20150701/20230615,4483,4794,7780,8745,7231,6882,7007,9184,8343,8934,7817,5386,4425,5532,8701,9973,9104,7279,7874,10330,10556,8681,7599,5525,4850,5871,8576,10863,9541,6588,7521,9771,8674,8129,9164,5293,6472,6057,9059,10695,8653,7048,7103,8229,8761,8417,7881,5598,4976,6085,9404,12744,9344,8189,8436,10365,8951,9151,7924,6326,5797,5260,9242,10907,8804,8666,7637,7636,11912,9053,7081,6110,6014,6616,8342,9478,9493,7584,7839,8762,9787,8526,7218,6340,5236,4973,7928,30563,12777,7893,8820,9969,10710,8448,8798,8243.084211,10204.58333
Yes,,Jacobi_method,Jacobi_method,https://wikimedia.org/api/rest_v1/metrics/pageviews/per-article/en.wikipedia.org/all-access/user/Jacobi_method/monthly/20150701/20230615,4438,5117,6925,9705,10397,9031,6956,8364,9203,10593,9381,6276,4378,5343,6631,9986,11951,9186,7380,11490,11270,10878,9597,6264,4810,5445,7380,11013,11948,9545,7994,8464,10064,11248,10095,6173,5389,5313,7560,12287,11735,9866,8019,9018,10246,10174,9036,6115,4777,5240,7577,10776,11888,9151,7569,8576,8128,9391,10264,8941,5861,4705,7599,9733,11108,9349,7585,7986,11770,9193,8418,7860,5800,5123,6640,8284,9675,9120,8037,7417,8698,8456,8533,6360,4345,3752,5820,7268,8377,7234,6043,6464,7415,7480,7697,8180.631579,6521.25
Yes,,Cooley–Tukey_FFT_algorithm,Cooley%E2%80%93Tukey_FFT_algorithm,https://wikimedia.org/api/rest_v1/metrics/pageviews/per-article/en.wikipedia.org/all-access/user/Cooley%E2%80%93Tukey_FFT_algorithm/monthly/20150701/20230615,6103,6139,7507,9037,9228,7851,7620,7767,9034,9188,9230,7495,6290,6103,7094,8474,9707,9244,8483,8050,9106,9410,8732,7527,6596,6532,7015,9290,9632,8466,8415,8080,8756,9613,9739,8187,7475,7003,7766,10694,9816,10028,8792,8031,8532,8865,8630,6527,6606,5713,6610,9819,8724,8341,7577,7420,7025,8098,8686,7528,6260,5567,6330,8905,8209,8574,7382,7203,7890,7876,7452,6783,6798,5893,6154,7636,7408,6403,6469,6304,7495,6698,7187,6585,6170,6642,6468,7087,15547,8493,8677,7994,9111,7487,8760,7904.663158,8251.75
Yes,,Doomsday_rule,Doomsday_rule,https://wikimedia.org/api/rest_v1/metrics/pageviews/per-article/en.wikipedia.org/all-access/user/Doomsday_rule/monthly/20150701/20230615,6106,5709,7072,6434,6072,6567,8179,7071,14662,5073,4819,10269,4423,4674,4755,7135,6096,5559,5858,9210,5739,5130,4843,4298,6462,3827,23885,5526,4531,4428,11603,6097,6097,4432,5017,3658,6102,4102,5255,5886,4780,5614,5579,4488,70972,9856,4875,4942,16305,5206,10261,5789,10279,6999,7493,7303,6114,31245,11873,7340,8499,6291,5172,6839,4951,6824,6504,5884,5989,5461,5286,4978,4844,4418,4724,5765,9790,19986,14974,9097,7978,6554,7086,5123,5698,5368,7701,7858,6893,6792,7870,5479,6323,5657,8990,7869.684211,6646
Yes,,Token_bucket,Token_bucket,https://wikimedia.org/api/rest_v1/metrics/pageviews/per-article/en.wikipedia.org/all-access/user/Token_bucket/monthly/20150701/20230615,4058,4094,4308,5346,5526,5311,5167,5171,5964,6284,7303,6269,4653,5797,5469,6064,7667,6014,6454,6696,8564,8341,8087,6960,5963,6121,6376,7628,8023,7321,7119,6227,7468,8515,8259,6587,6313,6426,6711,8852,7856,7351,7536,7111,8720,9312,9578,6834,7110,6593,6679,8694,9353,8393,7666,7598,8074,9437,8697,8344,7706,7378,7610,8699,8823,8886,9177,8575,10588,9817,10508,10669,11037,10305,10658,9356,9652,8655,9152,9332,9916,9873,9355,9566,9586,9156,8689,9114,9520,8614,8700,8419,9803,8819,10018,7854.136842,9167
Yes,,Otsu's_method,Otsu%27s_method,https://wikimedia.org/api/rest_v1/metrics/pageviews/per-article/en.wikipedia.org/all-access/user/Otsu%27s_method/monthly/20150701/20230615,5774,5044,6104,7283,8086,6817,6517,7315,8175,8257,8628,7485,5492,6311,6955,7936,8948,8270,7846,7719,9108,9320,9262,7479,6676,5996,7073,7957,9027,8572,7491,7476,9242,9814,9480,6903,6323,6092,6948,8226,9158,8287,8082,8028,10067,9798,9578,7624,6997,6240,7169,8899,10055,7515,7951,7909,8060,8965,9386,7972,7099,6005,7034,8464,9504,8853,8209,7494,9570,9483,8694,8196,7084,6348,6889,8069,8318,6993,7296,6877,8110,8336,8359,7678,5874,5815,6855,8206,8886,7066,7066,6912,9312,7651,8173,7809.947368,7457.833333
Yes,,Divide-and-conquer_algorithm,Divide-and-conquer_algorithm,https://wikimedia.org/api/rest_v1/metrics/pageviews/per-article/en.wikipedia.org/all-access/user/Divide-and-conquer_algorithm/monthly/20150701/20230615,136,134,152,197,191,151,178,154,136,121,150,133,123,127,111,131,132,133,140,140,129,138,121,103,79,90,98,179,96,109,114,103,117,92,88,113,87,78,123,101,98,4328,8351,9090,10267,10664,10617,8459,8128,9589,13547,14944,14623,12222,11825,13254,12540,15783,13719,13428,10742,11411,16514,16214,15237,15803,14521,14596,18351,16372,14487,13372,15062,13487,14632,16283,15635,14461,15043,16242,17113,16437,16253,13649,11753,10601,13900,15086,16189,13941,13757,13411,13814,11368,12631,7672.336842,13341.66667
Yes,,Miller–Rabin_primality_test,Miller%E2%80%93Rabin_primality_test,https://wikimedia.org/api/rest_v1/metrics/pageviews/per-article/en.wikipedia.org/all-access/user/Miller%E2%80%93Rabin_primality_test/monthly/20150701/20230615,4352,4724,5367,7388,8637,7490,6422,7059,8577,10013,8217,5867,5476,5259,6404,8140,9891,7666,6579,8369,10014,9829,7472,8132,5314,5980,6708,9030,9724,8707,7363,6956,8474,8990,7990,5829,5194,5486,7186,10335,10485,8019,6809,6750,8345,8349,6921,5674,5530,5107,6723,8830,9659,7616,6566,6692,7459,8580,7845,6493,5800,5051,6602,9412,9058,9585,7976,6793,8918,8384,7750,6699,5887,5678,7394,9190,11225,9834,8292,7899,9114,9465,8830,6375,5070,5051,6892,10158,10099,8578,7579,7263,8841,8425,7486,7597,7651.416667
Yes,,T9_(predictive_text),T9_%28predictive_text%29,https://wikimedia.org/api/rest_v1/metrics/pageviews/per-article/en.wikipedia.org/all-access/user/T9_%28predictive_text%29/monthly/20150701/20230615,6857,7734,5956,6401,6665,6247,5932,5828,6286,5631,5775,5231,5697,5601,5811,6901,5505,5679,7331,7709,6303,7381,7190,6159,7155,6423,6697,6746,7227,6636,6850,6705,6961,8068,6484,6930,7882,7785,6707,16785,8109,7482,9196,13735,7967,6869,7057,6633,7220,7723,6688,10234,8755,7818,7202,9237,7011,7827,7889,6681,6964,7371,6561,6842,6973,6613,9080,6889,7512,6519,12667,17851,7660,6881,6927,15945,6497,6079,7249,5934,6419,5941,5753,7446,6246,6852,6600,23776,7912,6082,6581,6516,9312,7369,8499,7594.757895,8599.25
Yes,,Broyden–Fletcher–Goldfarb–Shanno_algorithm,Broyden%E2%80%93Fletcher%E2%80%93Goldfarb%E2%80%93Shanno_algorithm,https://wikimedia.org/api/rest_v1/metrics/pageviews/per-article/en.wikipedia.org/all-access/user/Broyden%E2%80%93Fletcher%E2%80%93Goldfarb%E2%80%93Shanno_algorithm/monthly/20150701/20230615,5218,5070,5662,6219,6248,5693,5755,6670,7290,7343,7529,6687,6098,5747,5821,7120,8218,7073,7707,7796,8781,8249,7789,7719,6885,6645,6759,7858,8267,7018,7198,7549,8132,8527,8317,6945,7155,6419,6270,7615,7429,6656,6751,7017,8496,8232,7485,6897,6527,6285,6434,8363,8250,7325,7691,8435,8723,9060,9743,8938,7978,6843,7514,8564,9002,8821,8037,8557,10464,9404,9187,8166,7292,6243,7201,8152,8609,6816,6977,7329,8142,7636,7750,6895,6155,5846,6119,7131,7729,6189,6439,6897,8980,7755,7770,7414.6,6992.083333
Yes,,Lempel–Ziv–Welch,Lempel%E2%80%93Ziv%E2%80%93Welch,https://wikimedia.org/api/rest_v1/metrics/pageviews/per-article/en.wikipedia.org/all-access/user/Lempel%E2%80%93Ziv%E2%80%93Welch/monthly/20150701/20230615,6231,6624,8293,9338,9311,9166,8048,8276,9270,9498,10582,8113,6320,7038,8353,10460,10251,8900,8716,8583,10532,9141,10814,7683,5874,6240,7339,10060,10565,8258,7764,7370,8269,9068,8308,6420,5620,6088,7735,10154,9072,7932,7354,7104,7708,7335,7556,6092,5546,5680,6673,9308,8869,7017,7145,7316,6925,9167,7764,6508,5416,5367,6185,7308,8238,7021,7810,6403,7641,7048,5909,5841,6298,4912,5480,5947,7047,6222,5782,5492,7414,6744,6452,5573,4591,4585,4660,6124,6951,5656,5933,7443,8635,6523,5968,7403.821053,6053.5
Yes,,ID3_algorithm,ID3_algorithm,https://wikimedia.org/api/rest_v1/metrics/pageviews/per-article/en.wikipedia.org/all-access/user/ID3_algorithm/monthly/20150701/20230615,3909,3985,6310,6787,7859,7177,6299,7427,8111,9020,8130,5702,4731,5010,7950,8399,9291,7663,7034,8144,9697,10107,9307,6566,5759,6007,8277,10103,9936,8646,8460,8828,9620,10329,9471,6562,5589,6631,8311,10092,9454,9218,8177,8122,9332,9975,8506,5646,4661,4709,8825,9762,9331,7917,8111,7864,6774,7580,8037,6297,4686,4228,6306,9015,9760,8795,7479,6832,7258,7013,6912,6254,5705,4773,5730,7488,7419,6686,6637,7105,6071,6774,6816,5456,4194,4079,5605,6707,8340,6591,6826,5411,6326,5827,5987,7290.789474,5945.75
Yes,,Booth's_multiplication_algorithm,Booth%27s_multiplication_algorithm,https://wikimedia.org/api/rest_v1/metrics/pageviews/per-article/en.wikipedia.org/all-access/user/Booth%27s_multiplication_algorithm/monthly/20150701/20230615,4535,5673,7288,8131,9318,8115,8880,10083,11006,16542,8421,6487,4606,6301,8404,9274,12726,11086,11094,12841,12425,13798,9892,6260,6330,7793,9310,10920,13690,10925,10080,11335,10964,12709,8287,4554,3995,5948,6646,7864,8406,6361,5754,6456,7020,8097,6479,3395,3388,4368,6309,7760,10799,6868,5384,7089,5503,12706,4986,4286,3692,4600,6274,7968,7898,8585,6082,6260,8333,6076,4960,5409,5707,3793,5591,6094,6636,6333,4810,5754,6125,5800,5023,3963,3149,3427,4360,5403,6596,5391,4712,5296,6261,4617,5462,7288.315789,4886.416667
Yes,,Longest_palindromic_substring,Longest_palindromic_substring,https://wikimedia.org/api/rest_v1/metrics/pageviews/per-article/en.wikipedia.org/all-access/user/Longest_palindromic_substring/monthly/20150701/20230615,4752,4605,5163,6064,5514,4304,5334,5545,5856,5630,4899,5685,4943,5479,6263,7742,6605,5526,6187,6304,5959,5285,5354,5473,5576,5808,5966,5991,5575,4006,4436,4609,6488,4530,4688,4434,4470,4303,4473,5113,4495,4027,4506,4491,5698,7285,5565,4860,5411,6256,6399,5609,4962,4467,5513,5234,5066,4773,4561,7619,10127,12243,11090,10903,9376,9660,12921,8817,10465,9800,10008,10801,12309,13356,11374,11826,10517,10172,12374,11986,12630,11183,11529,15516,12482,13759,10980,9862,8895,7833,8232,7074,5906,5579,5573,7251.494737,9307.583333